OrgId,StoryId,PageNo,PageId,PageTitle,EditionId,EditionDate,Headline,Description,ImageUrl,Link,MIndexBase
309ab1d7e39,3982489,1,511106,প্রথম পাতা,1,30/09/2026,আনন্দ–উৎসবে মুখর শিক্ষার্থীরা,"বিশেষ প্রতিনিধি, ঢাকা দেখে মনে হয় কাজটা...",https://epaper.prothomalo.com//img/logo/logo.png,https://epaper.prothomalo.com/Home/MShareArticle?OrgId=309ab1d7e39&eid=1&imageview=0&epedate=30/09/2026&sedId=1,https://epaper.prothomalo.com/Home/MIndex?eid=1&edate=30/09/2026&sedId=1&pgid=511106&isProductPanel=true&MagazineEdID=0&MagEdDate=30/09/2026&isIssueRefresh=False&uemail=1169c825b8
30975fdb43b,3982490,1,511106,প্রথম পাতা,1,30/09/2026,হাসপাতালে নেওয়ার পথে মৃত্যু ৩০০ কারাবন্দীর,"নজরুল ইসলাম, ঢাকা কারাগার থেকে হাসপাতাল...",https://epaper.prothomalo.com//img/logo/logo.png,https://epaper.prothomalo.com/Home/MShareArticle?OrgId=30975fdb43b&eid=1&imageview=0&epedate=30/09/2026&sedId=1,https://epaper.prothomalo.com/Home/MIndex?eid=1&edate=30/09/2026&sedId=1&pgid=511106&isProductPanel=true&MagazineEdID=0&MagEdDate=30/09/2026&isIssueRefresh=False&uemail=1169c825b8
309839212b9,3982491,1,511106,প্রথম পাতা,1,30/09/2026,সমমনা দোকানদার সমিতির অধিকাংশ নেতা ব্যবসায়ী নন,"ড্রিঞ্জা চাম্বুগং ও মেহেদী হাসান, ঢাকা ...",https://epaper.prothomalo.com//img/logo/logo.png,https://epaper.prothomalo.com/Home/MShareArticle?OrgId=309839212b9&eid=1&imageview=0&epedate=30/09/2026&sedId=1,https://epaper.prothomalo.com/Home/MIndex?eid=1&edate=30/09/2026&sedId=1&pgid=511106&isProductPanel=true&MagazineEdID=0&MagEdDate=30/09/2026&isIssueRefresh=False&uemail=1169c825b8
309a2b16741,3982492,1,511106,প্রথম পাতা,1,30/09/2026,"একের পর এক হামলা-ভাঙচুর, দখলের ঘটনায় বিব্রত সরকার","সেলিম জাহিদ, ঢাকা আইনশৃঙ্খলা পরিস্থিতি ...",https://epaper.prothomalo.com//img/logo/logo.png,https://epaper.prothomalo.com/Home/MShareArticle?OrgId=309a2b16741&eid=1&imageview=0&epedate=30/09/2026&sedId=1,https://epaper.prothomalo.com/Home/MIndex?eid=1&edate=30/09/2026&sedId=1&pgid=511106&isProductPanel=true&MagazineEdID=0&MagEdDate=30/09/2026&isIssueRefresh=False&uemail=1169c825b8
3097a4ecac5,3982493,1,511106,প্রথম পাতা,1,30/09/2026,"হাম নিয়ন্ত্রণে আসছে না, মৃত্যু ১১০০ ছাড়াল","নিজস্ব প্রতিবেদক, ঢাকা বিয়ের প্রায় ১১ ব...",https://epaper.prothomalo.com//img/logo/logo.png,https://epaper.prothomalo.com/Home/MShareArticle?OrgId=3097a4ecac5&eid=1&imageview=0&epedate=30/09/2026&sedId=1,https://epaper.prothomalo.com/Home/MIndex?eid=1&edate=30/09/2026&sedId=1&pgid=511106&isProductPanel=true&MagazineEdID=0&MagEdDate=30/09/2026&isIssueRefresh=False&uemail=1169c825b8
30997a2217a,3982494,1,511106,প্রথম পাতা,1,30/09/2026,"বয়স ১২ বছর হয়নি, তবু বিয়ের আয়োজন","নাজনীন আখতার, ঢাকা সাতক্ষীরায় ১১ বছর ৯ ...",https://epaper.prothomalo.com//img/sharelogo1.jpg,https://epaper.prothomalo.com/Home/MShareArticle?OrgId=30997a2217a&eid=1&imageview=0&epedate=30/09/2026&sedId=1,https://epaper.prothomalo.com/Home/MIndex?eid=1&edate=30/09/2026&sedId=1&pgid=511106&isProductPanel=true&MagazineEdID=0&MagEdDate=30/09/2026&isIssueRefresh=False&uemail=1169c825b8
3096c9f51c5,3982495,1,511106,প্রথম পাতা,1,30/09/2026,১৪ কোটি টাকার সেতুটি পার হলে শুধু ধানখেত,"আব্দুল আজিজ, জামালপুর জামালপুর জেলা প্র...",https://epaper.prothomalo.com//img/sharelogo1.jpg,https://epaper.prothomalo.com/Home/MShareArticle?OrgId=3096c9f51c5&eid=1&imageview=0&epedate=30/09/2026&sedId=1,https://epaper.prothomalo.com/Home/MIndex?eid=1&edate=30/09/2026&sedId=1&pgid=511106&isProductPanel=true&MagazineEdID=0&MagEdDate=30/09/2026&isIssueRefresh=False&uemail=1169c825b8
309c4b32b59,3982291,2,511069,খবর,1,30/09/2026,"উচ্চকক্ষ নিয়ে প্রশ্ন, প্রধানমন্ত্রীর মেয়াদ বেঁধে দেওয়া ঠিক হবে না",টেলিভিশন ও অনলাইন সংবাদমাধ্যমের প্রতিনি...,https://epaper.prothomalo.com//img/logo/logo.png,https://epaper.prothomalo.com/Home/MShareArticle?OrgId=309c4b32b59&eid=1&imageview=0&epedate=30/09/2026&sedId=1,https://epaper.prothomalo.com/Home/MIndex?eid=1&edate=30/09/2026&sedId=1&pgid=511069&isProductPanel=true&MagazineEdID=0&MagEdDate=30/09/2026&isIssueRefresh=False&uemail=1169c825b8
309b3e67720,3982293,2,511069,খবর,1,30/09/2026,হাম নিয়ন্ত্রণে আসছে না,"প্রথম পৃষ্ঠার পর
 হামে এত মৃত্যু ও আক্র...",https://epaper.prothomalo.com//img/logo/logo.png,https://epaper.prothomalo.com/Home/MShareArticle?OrgId=309b3e67720&eid=1&imageview=0&epedate=30/09/2026&sedId=1,https://epaper.prothomalo.com/Home/MIndex?eid=1&edate=30/09/2026&sedId=1&pgid=511069&isProductPanel=true&MagazineEdID=0&MagEdDate=30/09/2026&isIssueRefresh=False&uemail=1169c825b8
309779c2ebd,3982294,2,511069,খবর,1,30/09/2026,প্রধানমন্ত্রীর দিল্লি সফরে আবারও অনুকূল পরিবেশে জোর ঢাকার,"কূটনৈতিক প্রতিবেদক, ঢাকা প্রধানমন্ত্রী ...",https://epaper.prothomalo.com//img/sharelogo1.jpg,https://epaper.prothomalo.com/Home/MShareArticle?OrgId=309779c2ebd&eid=1&imageview=0&epedate=30/09/2026&sedId=1,https://epaper.prothomalo.com/Home/MIndex?eid=1&edate=30/09/2026&sedId=1&pgid=511069&isProductPanel=true&MagazineEdID=0&MagEdDate=30/09/2026&isIssueRefresh=False&uemail=1169c825b8
3097cfae163,3982295,2,511069,খবর,1,30/09/2026,এয়ারবাসের ১০টি উড়োজাহাজ কিনতে চুক্তি অক্টোবরে,"সংবাদ সম্মেলনে বিমানমন্ত্রী
 নিজস্ব প্র...",https://epaper.prothomalo.com//img/logo/logo.png,https://epaper.prothomalo.com/Home/MShareArticle?OrgId=3097cfae163&eid=1&imageview=0&epedate=30/09/2026&sedId=1,https://epaper.prothomalo.com/Home/MIndex?eid=1&edate=30/09/2026&sedId=1&pgid=511069&isProductPanel=true&MagazineEdID=0&MagEdDate=30/09/2026&isIssueRefresh=False&uemail=1169c825b8
309c9344691,3982296,2,511069,খবর,1,30/09/2026,রাষ্ট্রপতির সঙ্গে সৌজন্য সাক্ষাৎ প্রধানমন্ত্রীর,"বাসস, ঢাকা রাষ্ট্রপতি হিসেবে দায়িত্ব গ্...",https://epaper.prothomalo.com//img/sharelogo1.jpg,https://epaper.prothomalo.com/Home/MShareArticle?OrgId=309c9344691&eid=1&imageview=0&epedate=30/09/2026&sedId=1,https://epaper.prothomalo.com/Home/MIndex?eid=1&edate=30/09/2026&sedId=1&pgid=511069&isProductPanel=true&MagazineEdID=0&MagEdDate=30/09/2026&isIssueRefresh=False&uemail=1169c825b8
309b83a8f21,3982297,2,511069,খবর,1,30/09/2026,"দুর্গাপূজার ছুটি বেড়ে তিন দিন, অনুদানও বাড়ালেন প্রধানমন্ত্রী","বিশেষ প্রতিনিধি, ঢাকা শারদীয় দুর্গাপূজা...",https://epaper.prothomalo.com//img/sharelogo1.jpg,https://epaper.prothomalo.com/Home/MShareArticle?OrgId=309b83a8f21&eid=1&imageview=0&epedate=30/09/2026&sedId=1,https://epaper.prothomalo.com/Home/MIndex?eid=1&edate=30/09/2026&sedId=1&pgid=511069&isProductPanel=true&MagazineEdID=0&MagEdDate=30/09/2026&isIssueRefresh=False&uemail=1169c825b8
3095201db22,3982298,2,511069,খবর,1,30/09/2026,গঙ্গা পানি চুক্তি নিয়ে যৌথ নদী কমিশনে আলোচনা হবে,"প্রতিনিধি, নয়াদিল্লি বাংলাদেশ ও ভারতের ...",https://epaper.prothomalo.com//img/sharelogo1.jpg,https://epaper.prothomalo.com/Home/MShareArticle?OrgId=3095201db22&eid=1&imageview=0&epedate=30/09/2026&sedId=1,https://epaper.prothomalo.com/Home/MIndex?eid=1&edate=30/09/2026&sedId=1&pgid=511069&isProductPanel=true&MagazineEdID=0&MagEdDate=30/09/2026&isIssueRefresh=False&uemail=1169c825b8
3093e55396d,3982526,3,511113,খবর,1,30/09/2026,তথ্য কমিশন না থাকা দেশের জন্য বিব্রতকর,তথ্য অধিকার সম্মেলন আন্তর্জাতিক তথ্য অধ...,https://epaper.prothomalo.com//img/sharelogo1.jpg,https://epaper.prothomalo.com/Home/MShareArticle?OrgId=3093e55396d&eid=1&imageview=0&epedate=30/09/2026&sedId=1,https://epaper.prothomalo.com/Home/MIndex?eid=1&edate=30/09/2026&sedId=1&pgid=511113&isProductPanel=true&MagazineEdID=0&MagEdDate=30/09/2026&isIssueRefresh=False&uemail=1169c825b8
309230ea515,3982527,3,511113,খবর,1,30/09/2026,বিধিনিষেধ অনেকটাই কাগজে,পানিসংকটাপন্ন বরেন্দ্র এলাকা পানির স্তর...,https://epaper.prothomalo.com//img/sharelogo1.jpg,https://epaper.prothomalo.com/Home/MShareArticle?OrgId=309230ea515&eid=1&imageview=0&epedate=30/09/2026&sedId=1,https://epaper.prothomalo.com/Home/MIndex?eid=1&edate=30/09/2026&sedId=1&pgid=511113&isProductPanel=true&MagazineEdID=0&MagEdDate=30/09/2026&isIssueRefresh=False&uemail=1169c825b8
3091089376f,3982528,3,511113,খবর,1,30/09/2026,সংসার সাজানো হলো না আঁচলের,ডেঙ্গুতে চিকিৎসকের মৃত্যু আঁচল রায়ের চি...,https://epaper.prothomalo.com//img/logo/logo.png,https://epaper.prothomalo.com/Home/MShareArticle?OrgId=3091089376f&eid=1&imageview=0&epedate=30/09/2026&sedId=1,https://epaper.prothomalo.com/Home/MIndex?eid=1&edate=30/09/2026&sedId=1&pgid=511113&isProductPanel=true&MagazineEdID=0&MagEdDate=30/09/2026&isIssueRefresh=False&uemail=1169c825b8
309dfec2934,3982529,3,511113,খবর,1,30/09/2026,সালমান শাহ হত্যার তদন্ত  প্রতিবেদন আবার পেছাল,চিত্রনায়ক সালমান শাহ হত্যা মামলার তদন্ত...,https://epaper.prothomalo.com//img/sharelogo1.jpg,https://epaper.prothomalo.com/Home/MShareArticle?OrgId=309dfec2934&eid=1&imageview=0&epedate=30/09/2026&sedId=1,https://epaper.prothomalo.com/Home/MIndex?eid=1&edate=30/09/2026&sedId=1&pgid=511113&isProductPanel=true&MagazineEdID=0&MagEdDate=30/09/2026&isIssueRefresh=False&uemail=1169c825b8
30954447762,3982530,3,511113,খবর,1,30/09/2026,"ডেঙ্গুতে আরও ৬ জনের মৃত্যু, নতুন ভর্তি ১,৯৪২","নিজস্ব প্রতিবেদক, ঢাকা দেশে ডেঙ্গুতে আক...",https://epaper.prothomalo.com//img/sharelogo1.jpg,https://epaper.prothomalo.com/Home/MShareArticle?OrgId=30954447762&eid=1&imageview=0&epedate=30/09/2026&sedId=1,https://epaper.prothomalo.com/Home/MIndex?eid=1&edate=30/09/2026&sedId=1&pgid=511113&isProductPanel=true&MagazineEdID=0&MagEdDate=30/09/2026&isIssueRefresh=False&uemail=1169c825b8
309b1078c7b,3982531,3,511113,খবর,1,30/09/2026,রাড্ডা স্বাস্থ্যকেন্দ্র,"‘কত সুন্দর সেবা 
 পেতাম, সেই জায়গা 
 ধ্...",https://epaper.prothomalo.com//img/sharelogo1.jpg,https://epaper.prothomalo.com/Home/MShareArticle?OrgId=309b1078c7b&eid=1&imageview=0&epedate=30/09/2026&sedId=1,https://epaper.prothomalo.com/Home/MIndex?eid=1&edate=30/09/2026&sedId=1&pgid=511113&isProductPanel=true&MagazineEdID=0&MagEdDate=30/09/2026&isIssueRefresh=False&uemail=1169c825b8
309991a3f58,3982525,3,511113,খবর,1,30/09/2026,দাখিল ও আলিম মাদ্রাসার  কমিটি পুনর্গঠনে নির্দেশ,দেশের সব বেসরকারি দাখিল ও আলিম মাদ্রাসা...,https://epaper.prothomalo.com//img/sharelogo1.jpg,https://epaper.prothomalo.com/Home/MShareArticle?OrgId=309991a3f58&eid=1&imageview=0&epedate=30/09/2026&sedId=1,https://epaper.prothomalo.com/Home/MIndex?eid=1&edate=30/09/2026&sedId=1&pgid=511113&isProductPanel=true&MagazineEdID=0&MagEdDate=30/09/2026&isIssueRefresh=False&uemail=1169c825b8
309cc9d7eae,3982306,4,511071,খবর,1,30/09/2026,সমিতির অধিকাংশ নেতা ব্যবসায়ী নন,"প্রথম পৃষ্ঠার পর
 পরিবর্তনসহ কিছু কারণে...",https://epaper.prothomalo.com//img/sharelogo1.jpg,https://epaper.prothomalo.com/Home/MShareArticle?OrgId=309cc9d7eae&eid=1&imageview=0&epedate=30/09/2026&sedId=1,https://epaper.prothomalo.com/Home/MIndex?eid=1&edate=30/09/2026&sedId=1&pgid=511071&isProductPanel=true&MagazineEdID=0&MagEdDate=30/09/2026&isIssueRefresh=False&uemail=1169c825b8
30926d643f9,3982308,4,511071,খবর,1,30/09/2026,সেতুটি পার হলে শুধু ধানখেত,"প্রথম পৃষ্ঠার পর
 ব্যয়ে নির্মাণ করা হয়ে...",https://epaper.prothomalo.com//img/sharelogo1.jpg,https://epaper.prothomalo.com/Home/MShareArticle?OrgId=30926d643f9&eid=1&imageview=0&epedate=30/09/2026&sedId=1,https://epaper.prothomalo.com/Home/MIndex?eid=1&edate=30/09/2026&sedId=1&pgid=511071&isProductPanel=true&MagazineEdID=0&MagEdDate=30/09/2026&isIssueRefresh=False&uemail=1169c825b8
309818c0b6b,3982309,4,511071,খবর,1,30/09/2026,দখলের ঘটনায় বিব্রত সরকার,"প্রথম পৃষ্ঠার পর
 জবাবে জাহেদ উর রহমান ...",https://epaper.prothomalo.com//img/sharelogo1.jpg,https://epaper.prothomalo.com/Home/MShareArticle?OrgId=309818c0b6b&eid=1&imageview=0&epedate=30/09/2026&sedId=1,https://epaper.prothomalo.com/Home/MIndex?eid=1&edate=30/09/2026&sedId=1&pgid=511071&isProductPanel=true&MagazineEdID=0&MagEdDate=30/09/2026&isIssueRefresh=False&uemail=1169c825b8
3096aeee652,3982310,4,511071,খবর,1,30/09/2026,"মেয়েদের বিয়ের বয়স ১৬, ছেলেদের ১৮ করার দাবি","প্রতিনিধি, পঞ্চগড় মেয়েদের বিয়ের বয়স ১৬ ...",https://epaper.prothomalo.com//img/sharelogo1.jpg,https://epaper.prothomalo.com/Home/MShareArticle?OrgId=3096aeee652&eid=1&imageview=0&epedate=30/09/2026&sedId=1,https://epaper.prothomalo.com/Home/MIndex?eid=1&edate=30/09/2026&sedId=1&pgid=511071&isProductPanel=true&MagazineEdID=0&MagEdDate=30/09/2026&isIssueRefresh=False&uemail=1169c825b8
3099c4bf3ef,3982311,4,511071,খবর,1,30/09/2026,"জানুয়ারি থেকে স্থানীয় সরকার নির্বাচন, শেষ ৬ জুনের মধ্যে","স্থানীয় সরকার প্রতিমন্ত্রী সংবাদদাতা, র...",https://epaper.prothomalo.com//img/logo/logo.png,https://epaper.prothomalo.com/Home/MShareArticle?OrgId=3099c4bf3ef&eid=1&imageview=0&epedate=30/09/2026&sedId=1,https://epaper.prothomalo.com/Home/MIndex?eid=1&edate=30/09/2026&sedId=1&pgid=511071&isProductPanel=true&MagazineEdID=0&MagEdDate=30/09/2026&isIssueRefresh=False&uemail=1169c825b8
3094f574bd9,3982312,6,511072,খবর – ঢাকা নগর,1,30/09/2026,উপাচার্যকে পুনর্বহালের আন্দোলন চলছেই,চট্টগ্রাম প্রকৌশল বিশ্ববিদ্যালয়  আট দিন...,https://epaper.prothomalo.com//img/logo/logo.png,https://epaper.prothomalo.com/Home/MShareArticle?OrgId=3094f574bd9&eid=1&imageview=0&epedate=30/09/2026&sedId=1,https://epaper.prothomalo.com/Home/MIndex?eid=1&edate=30/09/2026&sedId=1&pgid=511072&isProductPanel=true&MagazineEdID=0&MagEdDate=30/09/2026&isIssueRefresh=False&uemail=1169c825b8
30935dd2e21,3982313,6,511072,খবর – ঢাকা নগর,1,30/09/2026,"সম্প্রসারণকাজ আর শেষ হয় না, বন্দীরা থাকছেন গাদাগাদি করে","মোস্তাফিজুর রহমান, ময়মনসিংহ
 ময়মনসিংহ ক...",https://epaper.prothomalo.com//img/logo/logo.png,https://epaper.prothomalo.com/Home/MShareArticle?OrgId=30935dd2e21&eid=1&imageview=0&epedate=30/09/2026&sedId=1,https://epaper.prothomalo.com/Home/MIndex?eid=1&edate=30/09/2026&sedId=1&pgid=511072&isProductPanel=true&MagazineEdID=0&MagEdDate=30/09/2026&isIssueRefresh=False&uemail=1169c825b8
30951b0ec0d,3982314,6,511072,খবর – ঢাকা নগর,1,30/09/2026,সংক্ষেপে,"চার ডিসি প্রত্যাহার
 দেশের চার জেলার জে...",https://epaper.prothomalo.com//img/sharelogo1.jpg,https://epaper.prothomalo.com/Home/MShareArticle?OrgId=30951b0ec0d&eid=1&imageview=0&epedate=30/09/2026&sedId=1,https://epaper.prothomalo.com/Home/MIndex?eid=1&edate=30/09/2026&sedId=1&pgid=511072&isProductPanel=true&MagazineEdID=0&MagEdDate=30/09/2026&isIssueRefresh=False&uemail=1169c825b8
30984bdddb0,3982315,6,511072,খবর – ঢাকা নগর,1,30/09/2026,"ইউপিএলের বিক্রয়কেন্দ্রে তালা দেওয়ার ঘটনায় প্রতিক্রিয়া, প্রতিবাদ","নিজস্ব প্রতিবেদক, ঢাকা বঙ্গবন্ধু শেখ মু...",https://epaper.prothomalo.com//img/sharelogo1.jpg,https://epaper.prothomalo.com/Home/MShareArticle?OrgId=30984bdddb0&eid=1&imageview=0&epedate=30/09/2026&sedId=1,https://epaper.prothomalo.com/Home/MIndex?eid=1&edate=30/09/2026&sedId=1&pgid=511072&isProductPanel=true&MagazineEdID=0&MagEdDate=30/09/2026&isIssueRefresh=False&uemail=1169c825b8
3096fdbd7ee,3982468,5,511102,অভিমত – বিশ্লেষণ,1,30/09/2026,যে আদালত জবাবদিহি করতে বাধ্য নন,আন্তর্জাতিক অপরাধ ট্রাইব্যুনাল ১৯৭১ সাল...,https://epaper.prothomalo.com//img/logo/logo.png,https://epaper.prothomalo.com/Home/MShareArticle?OrgId=3096fdbd7ee&eid=1&imageview=0&epedate=30/09/2026&sedId=1,https://epaper.prothomalo.com/Home/MIndex?eid=1&edate=30/09/2026&sedId=1&pgid=511102&isProductPanel=true&MagazineEdID=0&MagEdDate=30/09/2026&isIssueRefresh=False&uemail=1169c825b8
309ecfbb6d7,3982469,5,511102,অভিমত – বিশ্লেষণ,1,30/09/2026,দাঁত বা মাড়ির রোগের সঙ্গে হৃদ্‌রোগের কি সম্পর্ক আছে,"ডা. সৈয়দ আতিকুর রহমান, সহকারী অধ্যাপক,...",https://epaper.prothomalo.com//img/logo/logo.png,https://epaper.prothomalo.com/Home/MShareArticle?OrgId=309ecfbb6d7&eid=1&imageview=0&epedate=30/09/2026&sedId=1,https://epaper.prothomalo.com/Home/MIndex?eid=1&edate=30/09/2026&sedId=1&pgid=511102&isProductPanel=true&MagazineEdID=0&MagEdDate=30/09/2026&isIssueRefresh=False&uemail=1169c825b8
309f7844352,3982470,5,511102,অভিমত – বিশ্লেষণ,1,30/09/2026,লেগো দিয়ে পৃথিবীর মানচিত্র বানিয়ে দুই বন্ধুর বিশ্ব রেকর্ড,"ইউপিআই
 লেগোর ছোট ছোট টুকরা। সংখ্যায় ১১...",https://epaper.prothomalo.com//img/logo/logo.png,https://epaper.prothomalo.com/Home/MShareArticle?OrgId=309f7844352&eid=1&imageview=0&epedate=30/09/2026&sedId=1,https://epaper.prothomalo.com/Home/MIndex?eid=1&edate=30/09/2026&sedId=1&pgid=511102&isProductPanel=true&MagazineEdID=0&MagEdDate=30/09/2026&isIssueRefresh=False&uemail=1169c825b8
309dfd1c522,3982285,6,511068,দেশ – ঢাকার চারপাশ,1,30/09/2026,নিষিদ্ধ ছাত্রলীগ নেতার রগ ‘কেটে দিল বন্ধুরা’,"প্রতিনিধি, মানিকগঞ্জ মানিকগঞ্জে নিষিদ্ধ...",https://epaper.prothomalo.com//img/logo/logo.png,https://epaper.prothomalo.com/Home/MShareArticle?OrgId=309dfd1c522&eid=1&imageview=0&epedate=30/09/2026&sedId=1,https://epaper.prothomalo.com/Home/MIndex?eid=1&edate=30/09/2026&sedId=1&pgid=511068&isProductPanel=true&MagazineEdID=0&MagEdDate=30/09/2026&isIssueRefresh=False&uemail=1169c825b8
309d69053d4,3982286,6,511068,দেশ – ঢাকার চারপাশ,1,30/09/2026,দুই মাসেই বাঁধে ধস,"নিজস্ব প্রতিবেদক, ফরিদপুর ফরিদপুরে প্রা...",https://epaper.prothomalo.com//img/sharelogo1.jpg,https://epaper.prothomalo.com/Home/MShareArticle?OrgId=309d69053d4&eid=1&imageview=0&epedate=30/09/2026&sedId=1,https://epaper.prothomalo.com/Home/MIndex?eid=1&edate=30/09/2026&sedId=1&pgid=511068&isProductPanel=true&MagazineEdID=0&MagEdDate=30/09/2026&isIssueRefresh=False&uemail=1169c825b8
3093538fada,3982287,6,511068,দেশ – ঢাকার চারপাশ,1,30/09/2026,থানার ইট খুলে নেওয়ার হুমকি এনসিপি নেতার,"প্রতিনিধি, নারায়ণগঞ্জ ‘আমি জোবায়ের সরদা...",https://epaper.prothomalo.com//img/sharelogo1.jpg,https://epaper.prothomalo.com/Home/MShareArticle?OrgId=3093538fada&eid=1&imageview=0&epedate=30/09/2026&sedId=1,https://epaper.prothomalo.com/Home/MIndex?eid=1&edate=30/09/2026&sedId=1&pgid=511068&isProductPanel=true&MagazineEdID=0&MagEdDate=30/09/2026&isIssueRefresh=False&uemail=1169c825b8
3096c4c5e01,3982288,6,511068,দেশ – ঢাকার চারপাশ,1,30/09/2026,বিদ্যুৎ বিল নিয়ে পোস্টের পর যুবক গ্রেপ্তার,"প্রতিনিধি, শ্রীপুর, গাজীপুর গাজীপুরের শ...",https://epaper.prothomalo.com//img/logo/logo.png,https://epaper.prothomalo.com/Home/MShareArticle?OrgId=3096c4c5e01&eid=1&imageview=0&epedate=30/09/2026&sedId=1,https://epaper.prothomalo.com/Home/MIndex?eid=1&edate=30/09/2026&sedId=1&pgid=511068&isProductPanel=true&MagazineEdID=0&MagEdDate=30/09/2026&isIssueRefresh=False&uemail=1169c825b8
3090380164c,3982289,6,511068,দেশ – ঢাকার চারপাশ,1,30/09/2026,ছাত্রশক্তির বহিষ্কৃত সেই নেতাকে ছাড়ল পুলিশ,"প্রতিনিধি, জাহাঙ্গীরনগর বিশ্ববিদ্যালয় ফ...",https://epaper.prothomalo.com//img/sharelogo1.jpg,https://epaper.prothomalo.com/Home/MShareArticle?OrgId=3090380164c&eid=1&imageview=0&epedate=30/09/2026&sedId=1,https://epaper.prothomalo.com/Home/MIndex?eid=1&edate=30/09/2026&sedId=1&pgid=511068&isProductPanel=true&MagazineEdID=0&MagEdDate=30/09/2026&isIssueRefresh=False&uemail=1169c825b8
3099c43a9a2,3982316,7,511073,রাজধানী,1,30/09/2026,"লাখ লাখ টাকা দিয়েও ইউরোপে যেতে পারেননি, উল্টো নির্যাতন","নিজস্ব প্রতিবেদক, ঢাকা ইউরোপে উচ্চ বেতন...",https://epaper.prothomalo.com//img/logo/logo.png,https://epaper.prothomalo.com/Home/MShareArticle?OrgId=3099c43a9a2&eid=1&imageview=0&epedate=30/09/2026&sedId=1,https://epaper.prothomalo.com/Home/MIndex?eid=1&edate=30/09/2026&sedId=1&pgid=511073&isProductPanel=true&MagazineEdID=0&MagEdDate=30/09/2026&isIssueRefresh=False&uemail=1169c825b8
30990e48874,3982317,7,511073,রাজধানী,1,30/09/2026,‘ক্রসফায়ারের ঘটনায় তৎকালীন এসপিকে ডেকে ভর্ৎসনা করি’,২০১৫ সালে আগৈলঝাড়া উপজেলা ছাত্রদল নেতা ...,https://epaper.prothomalo.com//img/sharelogo1.jpg,https://epaper.prothomalo.com/Home/MShareArticle?OrgId=30990e48874&eid=1&imageview=0&epedate=30/09/2026&sedId=1,https://epaper.prothomalo.com/Home/MIndex?eid=1&edate=30/09/2026&sedId=1&pgid=511073&isProductPanel=true&MagazineEdID=0&MagEdDate=30/09/2026&isIssueRefresh=False&uemail=1169c825b8
3090e135b3c,3982318,7,511073,রাজধানী,1,30/09/2026,মাঠপর্যায়ের পুলিশকে কোনো তদবির না শুনতে শক্ত বার্তা,"নিজস্ব প্রতিবেদক, ঢাকা মাঠপর্যায়ের পুলি...",https://epaper.prothomalo.com//img/logo/logo.png,https://epaper.prothomalo.com/Home/MShareArticle?OrgId=3090e135b3c&eid=1&imageview=0&epedate=30/09/2026&sedId=1,https://epaper.prothomalo.com/Home/MIndex?eid=1&edate=30/09/2026&sedId=1&pgid=511073&isProductPanel=true&MagazineEdID=0&MagEdDate=30/09/2026&isIssueRefresh=False&uemail=1169c825b8
3095af44169,3982319,7,511073,রাজধানী,1,30/09/2026,৩৮ বিশিষ্ট নাগরিকের বিবৃতি,"রাজনৈতিক ছত্রচ্ছায়ায়
 সন্ত্রাস, দখল ও চ...",https://epaper.prothomalo.com//img/sharelogo1.jpg,https://epaper.prothomalo.com/Home/MShareArticle?OrgId=3095af44169&eid=1&imageview=0&epedate=30/09/2026&sedId=1,https://epaper.prothomalo.com/Home/MIndex?eid=1&edate=30/09/2026&sedId=1&pgid=511073&isProductPanel=true&MagazineEdID=0&MagEdDate=30/09/2026&isIssueRefresh=False&uemail=1169c825b8
3090ceece78,3982320,7,511073,রাজধানী,1,30/09/2026,"অভিযানে চাপাতি নিয়ে হামলার চেষ্টা, পাল্টা গুলিতে আহত ২","নিজস্ব প্রতিবেদক, ঢাকা রাজধানীর আদাবরে ...",https://epaper.prothomalo.com//img/sharelogo1.jpg,https://epaper.prothomalo.com/Home/MShareArticle?OrgId=3090ceece78&eid=1&imageview=0&epedate=30/09/2026&sedId=1,https://epaper.prothomalo.com/Home/MIndex?eid=1&edate=30/09/2026&sedId=1&pgid=511073&isProductPanel=true&MagazineEdID=0&MagEdDate=30/09/2026&isIssueRefresh=False&uemail=1169c825b8
30973ef2c8f,3982321,7,511073,রাজধানী,1,30/09/2026,‘মামুন বাহিনী’র প্রধান মামুন বিএনপি থেকে বহিষ্কার,"নিজস্ব প্রতিবেদক, ঢাকা ঢাকা মহানগর উত্ত...",https://epaper.prothomalo.com//img/logo/logo.png,https://epaper.prothomalo.com/Home/MShareArticle?OrgId=30973ef2c8f&eid=1&imageview=0&epedate=30/09/2026&sedId=1,https://epaper.prothomalo.com/Home/MIndex?eid=1&edate=30/09/2026&sedId=1&pgid=511073&isProductPanel=true&MagazineEdID=0&MagEdDate=30/09/2026&isIssueRefresh=False&uemail=1169c825b8
309605499c4,3982322,7,511073,রাজধানী,1,30/09/2026,৩ নারীর বিদেশযাত্রায় বাধা নিয়ে হাইকোর্টের রুল,তিন নারীকে বিদেশযাত্রায় বাধা দেওয়ার কার...,https://epaper.prothomalo.com//img/logo/logo.png,https://epaper.prothomalo.com/Home/MShareArticle?OrgId=309605499c4&eid=1&imageview=0&epedate=30/09/2026&sedId=1,https://epaper.prothomalo.com/Home/MIndex?eid=1&edate=30/09/2026&sedId=1&pgid=511073&isProductPanel=true&MagazineEdID=0&MagEdDate=30/09/2026&isIssueRefresh=False&uemail=1169c825b8
309b78cfacd,3982323,7,511073,রাজধানী,1,30/09/2026,‘ট্রান্সজেন্ডার বিয়ে’ রোধে প্রয়োজনীয় পদক্ষেপ কেন নয়,"নিজস্ব প্রতিবেদক, ঢাকা ঢাকেশ্বরী জাতীয় ...",https://epaper.prothomalo.com//img/sharelogo1.jpg,https://epaper.prothomalo.com/Home/MShareArticle?OrgId=309b78cfacd&eid=1&imageview=0&epedate=30/09/2026&sedId=1,https://epaper.prothomalo.com/Home/MIndex?eid=1&edate=30/09/2026&sedId=1&pgid=511073&isProductPanel=true&MagazineEdID=0&MagEdDate=30/09/2026&isIssueRefresh=False&uemail=1169c825b8
30970a4b0df,3982482,8,511105,মতামত,1,30/09/2026,বাংলাদেশে সবচেয়ে বড় ঘাটতি আশার,প্রতিটি রাষ্ট্র ও তার নাগরিকের মধ্যে এক...,https://epaper.prothomalo.com//img/logo/logo.png,https://epaper.prothomalo.com/Home/MShareArticle?OrgId=30970a4b0df&eid=1&imageview=0&epedate=30/09/2026&sedId=1,https://epaper.prothomalo.com/Home/MIndex?eid=1&edate=30/09/2026&sedId=1&pgid=511105&isProductPanel=true&MagazineEdID=0&MagEdDate=30/09/2026&isIssueRefresh=False&uemail=1169c825b8
3098b50b73d,3982483,8,511105,মতামত,1,30/09/2026,"কী এমন ভেঙে পড়েছে, যে কারণে এত পরিবর্তন",মাইক্রোক্রেডিট রেগুলেটরি অথরিটি (এমআরএ)...,https://epaper.prothomalo.com//img/sharelogo1.jpg,https://epaper.prothomalo.com/Home/MShareArticle?OrgId=3098b50b73d&eid=1&imageview=0&epedate=30/09/2026&sedId=1,https://epaper.prothomalo.com/Home/MIndex?eid=1&edate=30/09/2026&sedId=1&pgid=511105&isProductPanel=true&MagazineEdID=0&MagEdDate=30/09/2026&isIssueRefresh=False&uemail=1169c825b8
309e8233305,3982484,8,511105,মতামত,1,30/09/2026,যে কারণে এআইয়েরও বিশ্বাসযোগ্য সাংবাদিকতা দরকার,"কৃত্রিম বৃদ্ধিমত্তা ও গণমাধ্যম
 ১৯৬৭ সা...",https://epaper.prothomalo.com//img/logo/logo.png,https://epaper.prothomalo.com/Home/MShareArticle?OrgId=309e8233305&eid=1&imageview=0&epedate=30/09/2026&sedId=1,https://epaper.prothomalo.com/Home/MIndex?eid=1&edate=30/09/2026&sedId=1&pgid=511105&isProductPanel=true&MagazineEdID=0&MagEdDate=30/09/2026&isIssueRefresh=False&uemail=1169c825b8
30965b89b16,3982485,8,511105,মতামত,1,30/09/2026,সাইবার সুরক্ষা আইন,সাইবার অপরাধ মোকাবিলা এবং অনলাইন পরিসরে...,https://epaper.prothomalo.com//img/sharelogo1.jpg,https://epaper.prothomalo.com/Home/MShareArticle?OrgId=30965b89b16&eid=1&imageview=0&epedate=30/09/2026&sedId=1,https://epaper.prothomalo.com/Home/MIndex?eid=1&edate=30/09/2026&sedId=1&pgid=511105&isProductPanel=true&MagazineEdID=0&MagEdDate=30/09/2026&isIssueRefresh=False&uemail=1169c825b8
3098c6c6d05,3982486,8,511105,মতামত,1,30/09/2026,রাজশাহী–নাটোরের পৌরসভা,যেকোনো নগর-পরিকল্পনার অন্যতম গুরুত্বপূর...,https://epaper.prothomalo.com//img/sharelogo1.jpg,https://epaper.prothomalo.com/Home/MShareArticle?OrgId=3098c6c6d05&eid=1&imageview=0&epedate=30/09/2026&sedId=1,https://epaper.prothomalo.com/Home/MIndex?eid=1&edate=30/09/2026&sedId=1&pgid=511105&isProductPanel=true&MagazineEdID=0&MagEdDate=30/09/2026&isIssueRefresh=False&uemail=1169c825b8
3091cbd1f84,3982487,8,511105,মতামত,1,30/09/2026,চি ঠি প ত্র,"ট্রেনে নিরাপত্তা
 বাংলাদেশে স্বল্প খরচে...",https://epaper.prothomalo.com//img/sharelogo1.jpg,https://epaper.prothomalo.com/Home/MShareArticle?OrgId=3091cbd1f84&eid=1&imageview=0&epedate=30/09/2026&sedId=1,https://epaper.prothomalo.com/Home/MIndex?eid=1&edate=30/09/2026&sedId=1&pgid=511105&isProductPanel=true&MagazineEdID=0&MagEdDate=30/09/2026&isIssueRefresh=False&uemail=1169c825b8
309a9ec7ccd,3982518,9,511111,পড়াশোনা,1,30/09/2026,গণিত ভাইয়ার ম্যাগাজিন রহস্য,"π সিরাতিম মুস্তাকিম π সাঈম সাদাত
 গণিত ...",https://epaper.prothomalo.com//img/logo/logo.png,https://epaper.prothomalo.com/Home/MShareArticle?OrgId=309a9ec7ccd&eid=1&imageview=0&epedate=30/09/2026&sedId=1,https://epaper.prothomalo.com/Home/MIndex?eid=1&edate=30/09/2026&sedId=1&pgid=511111&isProductPanel=true&MagazineEdID=0&MagEdDate=30/09/2026&isIssueRefresh=False&uemail=1169c825b8
3092224ea4e,3982519,9,511111,পড়াশোনা,1,30/09/2026,পড়ে নাও দুটি Short Composition,"ইকবাল খান, প্রভাষকবীরশ্রেষ্ঠ মুন্সী আব্...",https://epaper.prothomalo.com//img/sharelogo1.jpg,https://epaper.prothomalo.com/Home/MShareArticle?OrgId=3092224ea4e&eid=1&imageview=0&epedate=30/09/2026&sedId=1,https://epaper.prothomalo.com/Home/MIndex?eid=1&edate=30/09/2026&sedId=1&pgid=511111&isProductPanel=true&MagazineEdID=0&MagEdDate=30/09/2026&isIssueRefresh=False&uemail=1169c825b8
309bd95867a,3982520,10,511112,সুস্থতা,1,30/09/2026,কাটাছেঁড়া ছাড়াই থাইরয়েডের গোটা অপসারণ,অনেকেরই গলায় থাইরয়েড নডিউল বা গোটা ধরা...,https://epaper.prothomalo.com//img/logo/logo.png,https://epaper.prothomalo.com/Home/MShareArticle?OrgId=309bd95867a&eid=1&imageview=0&epedate=30/09/2026&sedId=1,https://epaper.prothomalo.com/Home/MIndex?eid=1&edate=30/09/2026&sedId=1&pgid=511112&isProductPanel=true&MagazineEdID=0&MagEdDate=30/09/2026&isIssueRefresh=False&uemail=1169c825b8
309b6665046,3982521,10,511112,সুস্থতা,1,30/09/2026,যত্নে থাকুন প্রবীণেরা,গড় আয়ু বাড়ার ফলে দেশের প্রবীণ জনগোষ্ঠীর...,https://epaper.prothomalo.com//img/logo/logo.png,https://epaper.prothomalo.com/Home/MShareArticle?OrgId=309b6665046&eid=1&imageview=0&epedate=30/09/2026&sedId=1,https://epaper.prothomalo.com/Home/MIndex?eid=1&edate=30/09/2026&sedId=1&pgid=511112&isProductPanel=true&MagazineEdID=0&MagEdDate=30/09/2026&isIssueRefresh=False&uemail=1169c825b8
3092c01abb0,3982522,10,511112,সুস্থতা,1,30/09/2026,ওষুধ খাওয়ার সময় মনে করিয়ে দেবে যন্ত্র,"সুস্থতা ডেস্ক
 আমরা অনেকেই সময়মতো ওষুধ ...",https://epaper.prothomalo.com//img/logo/logo.png,https://epaper.prothomalo.com/Home/MShareArticle?OrgId=3092c01abb0&eid=1&imageview=0&epedate=30/09/2026&sedId=1,https://epaper.prothomalo.com/Home/MIndex?eid=1&edate=30/09/2026&sedId=1&pgid=511112&isProductPanel=true&MagazineEdID=0&MagEdDate=30/09/2026&isIssueRefresh=False&uemail=1169c825b8
3093b5cf33b,3982523,10,511112,সুস্থতা,1,30/09/2026,সাপ্লিমেন্ট খেলে কি আসলেই হাড় ভাঙার ঝুঁকি কমে,হাড় শক্ত রাখতে ক্যালসিয়াম ও ভিটামিন ডির...,https://epaper.prothomalo.com//img/sharelogo1.jpg,https://epaper.prothomalo.com/Home/MShareArticle?OrgId=3093b5cf33b&eid=1&imageview=0&epedate=30/09/2026&sedId=1,https://epaper.prothomalo.com/Home/MIndex?eid=1&edate=30/09/2026&sedId=1&pgid=511112&isProductPanel=true&MagazineEdID=0&MagEdDate=30/09/2026&isIssueRefresh=False&uemail=1169c825b8
30941119823,3982524,10,511112,সুস্থতা,1,30/09/2026,ইলিশের পাঁচ পুষ্টিগুণ,"লিনা আকতার, পুষ্টিবিদ
 ইলিশে রয়েছে উপকা...",https://epaper.prothomalo.com//img/logo/logo.png,https://epaper.prothomalo.com/Home/MShareArticle?OrgId=30941119823&eid=1&imageview=0&epedate=30/09/2026&sedId=1,https://epaper.prothomalo.com/Home/MIndex?eid=1&edate=30/09/2026&sedId=1&pgid=511112&isProductPanel=true&MagazineEdID=0&MagEdDate=30/09/2026&isIssueRefresh=False&uemail=1169c825b8
309519531ac,3982532,11,511114,আন্তর্জাতিক,1,30/09/2026,অবশেষে ইরাক ছাড়ল মার্কিন বাহিনী,মধ্যপ্রাচ্য পরিস্থিতি যুক্তরাষ্ট্র ইরাক...,https://epaper.prothomalo.com//img/logo/logo.png,https://epaper.prothomalo.com/Home/MShareArticle?OrgId=309519531ac&eid=1&imageview=0&epedate=30/09/2026&sedId=1,https://epaper.prothomalo.com/Home/MIndex?eid=1&edate=30/09/2026&sedId=1&pgid=511114&isProductPanel=true&MagazineEdID=0&MagEdDate=30/09/2026&isIssueRefresh=False&uemail=1169c825b8
309f469c83f,3982533,11,511114,আন্তর্জাতিক,1,30/09/2026,যুক্তরাষ্ট্র-ইরান পরোক্ষ আলোচনা চলছে,যুক্তরাষ্ট্র–ইরান যুদ্ধ ইরানের দেওয়া প্...,https://epaper.prothomalo.com//img/logo/logo.png,https://epaper.prothomalo.com/Home/MShareArticle?OrgId=309f469c83f&eid=1&imageview=0&epedate=30/09/2026&sedId=1,https://epaper.prothomalo.com/Home/MIndex?eid=1&edate=30/09/2026&sedId=1&pgid=511114&isProductPanel=true&MagazineEdID=0&MagEdDate=30/09/2026&isIssueRefresh=False&uemail=1169c825b8
30942baf594,3982534,11,511114,আন্তর্জাতিক,1,30/09/2026,মোদির পদত্যাগ ও জ্ঞানেশের অপসারণ দাবি কংগ্রেসের,ভারতের রাজনীতি কমিশনকে চাপ দেওয়ার নৈতিক...,https://epaper.prothomalo.com//img/logo/logo.png,https://epaper.prothomalo.com/Home/MShareArticle?OrgId=30942baf594&eid=1&imageview=0&epedate=30/09/2026&sedId=1,https://epaper.prothomalo.com/Home/MIndex?eid=1&edate=30/09/2026&sedId=1&pgid=511114&isProductPanel=true&MagazineEdID=0&MagEdDate=30/09/2026&isIssueRefresh=False&uemail=1169c825b8
30934f64ea2,3982536,11,511114,আন্তর্জাতিক,1,30/09/2026,মালয়েশিয়া থেকে রোহিঙ্গাদের মিয়ানমারে ফেরত পাঠানো শুরু,শরণার্থী সংকট ২০২৬ সালের ফেব্রুয়ারি পর্...,https://epaper.prothomalo.com//img/logo/logo.png,https://epaper.prothomalo.com/Home/MShareArticle?OrgId=30934f64ea2&eid=1&imageview=0&epedate=30/09/2026&sedId=1,https://epaper.prothomalo.com/Home/MIndex?eid=1&edate=30/09/2026&sedId=1&pgid=511114&isProductPanel=true&MagazineEdID=0&MagEdDate=30/09/2026&isIssueRefresh=False&uemail=1169c825b8
3098340b35b,3982537,11,511114,আন্তর্জাতিক,1,30/09/2026,নিরাপত্তা শঙ্কায় নতুন এআই মডেল স্থগিত করল ওপেনএআই,"রয়টার্স
 অক্টোবরে বাজারে আনার জন্য নির্...",https://epaper.prothomalo.com//img/logo/logo.png,https://epaper.prothomalo.com/Home/MShareArticle?OrgId=3098340b35b&eid=1&imageview=0&epedate=30/09/2026&sedId=1,https://epaper.prothomalo.com/Home/MIndex?eid=1&edate=30/09/2026&sedId=1&pgid=511114&isProductPanel=true&MagazineEdID=0&MagEdDate=30/09/2026&isIssueRefresh=False&uemail=1169c825b8
309809c4bf6,3982538,11,511114,আন্তর্জাতিক,1,30/09/2026,ম ধ্য প্রা চ্য প রি স্থি তি,ইরান পারমাণবিক অস্ত্র অর্জন করলে তা হবে...,https://epaper.prothomalo.com//img/logo/logo.png,https://epaper.prothomalo.com/Home/MShareArticle?OrgId=309809c4bf6&eid=1&imageview=0&epedate=30/09/2026&sedId=1,https://epaper.prothomalo.com/Home/MIndex?eid=1&edate=30/09/2026&sedId=1&pgid=511114&isProductPanel=true&MagazineEdID=0&MagEdDate=30/09/2026&isIssueRefresh=False&uemail=1169c825b8
309d5b0b389,3982417,12,511094,অর্থ-বাণিজ্য,1,30/09/2026,খরচের চাপে কমছে জাতীয় সঞ্চয়,"শফিকুল ইসলাম, ঢাকা  দেশের অর্থনীতির আকা...",https://epaper.prothomalo.com//img/logo/logo.png,https://epaper.prothomalo.com/Home/MShareArticle?OrgId=309d5b0b389&eid=1&imageview=0&epedate=30/09/2026&sedId=1,https://epaper.prothomalo.com/Home/MIndex?eid=1&edate=30/09/2026&sedId=1&pgid=511094&isProductPanel=true&MagazineEdID=0&MagEdDate=30/09/2026&isIssueRefresh=False&uemail=1169c825b8
309397f8040,3982416,12,511094,অর্থ-বাণিজ্য,1,30/09/2026,বিনিয়োগকারীদের অর্থ ফেরত দিচ্ছে ডিএসই,পুঁজিবাজারে অর্থ আত্মসাৎ ও জালিয়াতির শি...,https://epaper.prothomalo.com//img/sharelogo1.jpg,https://epaper.prothomalo.com/Home/MShareArticle?OrgId=309397f8040&eid=1&imageview=0&epedate=30/09/2026&sedId=1,https://epaper.prothomalo.com/Home/MIndex?eid=1&edate=30/09/2026&sedId=1&pgid=511094&isProductPanel=true&MagazineEdID=0&MagEdDate=30/09/2026&isIssueRefresh=False&uemail=1169c825b8
3097204e552,3982418,13,511095,অর্থ-বাণিজ্য,1,30/09/2026,বাংলাদেশ ব্যাংকের সক্ষমতা বাড়াতে প্রকল্প অনুমোদন,"নিজস্ব প্রতিবেদক, ঢাকা
 দেশের ব্যাংক খা...",https://epaper.prothomalo.com//img/logo/logo.png,https://epaper.prothomalo.com/Home/MShareArticle?OrgId=3097204e552&eid=1&imageview=0&epedate=30/09/2026&sedId=1,https://epaper.prothomalo.com/Home/MIndex?eid=1&edate=30/09/2026&sedId=1&pgid=511095&isProductPanel=true&MagazineEdID=0&MagEdDate=30/09/2026&isIssueRefresh=False&uemail=1169c825b8
309e691682f,3982419,13,511095,অর্থ-বাণিজ্য,1,30/09/2026,অভিমত : বিমানের টিকিট কাটায় ৩০০ ডলারের সীমা প্রত্যাহার,"ভালো সিদ্ধান্ত, বাস্তবায়নের প্রক্রিয়া স...",https://epaper.prothomalo.com//img/logo/logo.png,https://epaper.prothomalo.com/Home/MShareArticle?OrgId=309e691682f&eid=1&imageview=0&epedate=30/09/2026&sedId=1,https://epaper.prothomalo.com/Home/MIndex?eid=1&edate=30/09/2026&sedId=1&pgid=511095&isProductPanel=true&MagazineEdID=0&MagEdDate=30/09/2026&isIssueRefresh=False&uemail=1169c825b8
309822548c6,3982420,13,511095,অর্থ-বাণিজ্য,1,30/09/2026,দুটি নতুন ঋণপণ্য আনল কমিউনিটি ব্যাংক,"অর্থ–বাণিজ্য ডেস্ক
 আধুনিক, গ্রাহককেন্দ...",https://epaper.prothomalo.com//img/logo/logo.png,https://epaper.prothomalo.com/Home/MShareArticle?OrgId=309822548c6&eid=1&imageview=0&epedate=30/09/2026&sedId=1,https://epaper.prothomalo.com/Home/MIndex?eid=1&edate=30/09/2026&sedId=1&pgid=511095&isProductPanel=true&MagazineEdID=0&MagEdDate=30/09/2026&isIssueRefresh=False&uemail=1169c825b8
3095d5581e0,3982421,13,511095,অর্থ-বাণিজ্য,1,30/09/2026,ইসলামিক ক্রেডিট কার্ডে মদ–জুয়া ও নাইটক্লাবের বিল পরিশোধ নয়,"নিজস্ব প্রতিবেদক, ঢাকা
 ইসলামি ধারার ব্...",https://epaper.prothomalo.com//img/sharelogo1.jpg,https://epaper.prothomalo.com/Home/MShareArticle?OrgId=3095d5581e0&eid=1&imageview=0&epedate=30/09/2026&sedId=1,https://epaper.prothomalo.com/Home/MIndex?eid=1&edate=30/09/2026&sedId=1&pgid=511095&isProductPanel=true&MagazineEdID=0&MagEdDate=30/09/2026&isIssueRefresh=False&uemail=1169c825b8
309c3c2ab43,3982422,13,511095,অর্থ-বাণিজ্য,1,30/09/2026,বেক্সিমকো ফার্মার পর্ষদ থেকে বাদ পড়লেন সালমান এফ রহমান,"নিজস্ব প্রতিবেদক, ঢাকা  বেক্সিমকো ফার্ম...",https://epaper.prothomalo.com//img/logo/logo.png,https://epaper.prothomalo.com/Home/MShareArticle?OrgId=309c3c2ab43&eid=1&imageview=0&epedate=30/09/2026&sedId=1,https://epaper.prothomalo.com/Home/MIndex?eid=1&edate=30/09/2026&sedId=1&pgid=511095&isProductPanel=true&MagazineEdID=0&MagEdDate=30/09/2026&isIssueRefresh=False&uemail=1169c825b8
30953569187,3982426,14,511096,বিনোদন,1,30/09/2026,শখের বশে গান,"‘উপ’, ‘বড়াই করে’, ‘লং ডিসট্যান্স লাভ’ গ...",https://epaper.prothomalo.com//img/logo/logo.png,https://epaper.prothomalo.com/Home/MShareArticle?OrgId=30953569187&eid=1&imageview=0&epedate=30/09/2026&sedId=1,https://epaper.prothomalo.com/Home/MIndex?eid=1&edate=30/09/2026&sedId=1&pgid=511096&isProductPanel=true&MagazineEdID=0&MagEdDate=30/09/2026&isIssueRefresh=False&uemail=1169c825b8
30984250a47,3982428,14,511096,বিনোদন,1,30/09/2026,প্রতিষ্ঠাবার্ষিকীর আয়োজনে কী থাকছে,"বিনোদন প্রতিবেদক, ঢাকা আগামীকাল ২৭ পেরি...",https://epaper.prothomalo.com//img/logo/logo.png,https://epaper.prothomalo.com/Home/MShareArticle?OrgId=30984250a47&eid=1&imageview=0&epedate=30/09/2026&sedId=1,https://epaper.prothomalo.com/Home/MIndex?eid=1&edate=30/09/2026&sedId=1&pgid=511096&isProductPanel=true&MagazineEdID=0&MagEdDate=30/09/2026&isIssueRefresh=False&uemail=1169c825b8
309ca2a2a12,3982429,14,511096,বিনোদন,1,30/09/2026,‘মাস্টার’ এবার বেলগ্রেডে,"বিনোদন ডেস্ক
 সার্বিয়ার বেলগ্রেড আন্তর্...",https://epaper.prothomalo.com//img/logo/logo.png,https://epaper.prothomalo.com/Home/MShareArticle?OrgId=309ca2a2a12&eid=1&imageview=0&epedate=30/09/2026&sedId=1,https://epaper.prothomalo.com/Home/MIndex?eid=1&edate=30/09/2026&sedId=1&pgid=511096&isProductPanel=true&MagazineEdID=0&MagEdDate=30/09/2026&isIssueRefresh=False&uemail=1169c825b8
3090a710669,3982430,14,511096,বিনোদন,1,30/09/2026,ছেলের গল্পে মায়ের নাটক,ছেলে অনন্য প্রতীক চৌধুরীর গল্প ও চিত্রন...,https://epaper.prothomalo.com//img/logo/logo.png,https://epaper.prothomalo.com/Home/MShareArticle?OrgId=3090a710669&eid=1&imageview=0&epedate=30/09/2026&sedId=1,https://epaper.prothomalo.com/Home/MIndex?eid=1&edate=30/09/2026&sedId=1&pgid=511096&isProductPanel=true&MagazineEdID=0&MagEdDate=30/09/2026&isIssueRefresh=False&uemail=1169c825b8
309177ca30d,3982431,14,511096,বিনোদন,1,30/09/2026,শীর্ষে ‘দ্য অ্যাসাসিন(স)’,দক্ষিণ কোরিয়ায় চুসক উৎসবের ছুটিতে প্রেক...,https://epaper.prothomalo.com//img/logo/logo.png,https://epaper.prothomalo.com/Home/MShareArticle?OrgId=309177ca30d&eid=1&imageview=0&epedate=30/09/2026&sedId=1,https://epaper.prothomalo.com/Home/MIndex?eid=1&edate=30/09/2026&sedId=1&pgid=511096&isProductPanel=true&MagazineEdID=0&MagEdDate=30/09/2026&isIssueRefresh=False&uemail=1169c825b8
3094d44270c,3982432,14,511096,বিনোদন,1,30/09/2026,ষষ্ঠ কিস্তিও আসবে,সদ্যই শেষ হয়েছে অ্যামাজন প্রাইমের আলোচি...,https://epaper.prothomalo.com//img/logo/logo.png,https://epaper.prothomalo.com/Home/MShareArticle?OrgId=3094d44270c&eid=1&imageview=0&epedate=30/09/2026&sedId=1,https://epaper.prothomalo.com/Home/MIndex?eid=1&edate=30/09/2026&sedId=1&pgid=511096&isProductPanel=true&MagazineEdID=0&MagEdDate=30/09/2026&isIssueRefresh=False&uemail=1169c825b8
309f22e8718,3982424,14,511096,বিনোদন,1,30/09/2026,একসঙ্গে ‘জান্নাত ২’ জুটি,জান্নাত ২ ছবির জুটি ইমরান হাশমি ও রণদীপ...,https://epaper.prothomalo.com//img/logo/logo.png,https://epaper.prothomalo.com/Home/MShareArticle?OrgId=309f22e8718&eid=1&imageview=0&epedate=30/09/2026&sedId=1,https://epaper.prothomalo.com/Home/MIndex?eid=1&edate=30/09/2026&sedId=1&pgid=511096&isProductPanel=true&MagazineEdID=0&MagEdDate=30/09/2026&isIssueRefresh=False&uemail=1169c825b8
30946483c21,3982425,14,511096,বিনোদন,1,30/09/2026,নতুন নাম,অজয় দেবগনের আগামী হরর থ্রিলার ছবির নাম ...,https://epaper.prothomalo.com//img/sharelogo1.jpg,https://epaper.prothomalo.com/Home/MShareArticle?OrgId=30946483c21&eid=1&imageview=0&epedate=30/09/2026&sedId=1,https://epaper.prothomalo.com/Home/MIndex?eid=1&edate=30/09/2026&sedId=1&pgid=511096&isProductPanel=true&MagazineEdID=0&MagEdDate=30/09/2026&isIssueRefresh=False&uemail=1169c825b8
309cf092ca1,3982540,15,511115,খেলা,1,30/09/2026,"বৃষ্টি হলে বিপদ, না হলেও কঠিন পরীক্ষা","শাওন শেখ, ঢাকা বৃষ্টিরও কি পক্ষপাত আছে!...",https://epaper.prothomalo.com//img/logo/logo.png,https://epaper.prothomalo.com/Home/MShareArticle?OrgId=309cf092ca1&eid=1&imageview=0&epedate=30/09/2026&sedId=1,https://epaper.prothomalo.com/Home/MIndex?eid=1&edate=30/09/2026&sedId=1&pgid=511115&isProductPanel=true&MagazineEdID=0&MagEdDate=30/09/2026&isIssueRefresh=False&uemail=1169c825b8
309bf6a9b3b,3982541,15,511115,খেলা,1,30/09/2026,পিছিয়ে পড়েও ব্রাজিলেরই জয়,"অস্ট্রেলিয়া ২: ৪ ব্রাজিল খেলা ডেস্ক
 কি...",https://epaper.prothomalo.com//img/logo/logo.png,https://epaper.prothomalo.com/Home/MShareArticle?OrgId=309bf6a9b3b&eid=1&imageview=0&epedate=30/09/2026&sedId=1,https://epaper.prothomalo.com/Home/MIndex?eid=1&edate=30/09/2026&sedId=1&pgid=511115&isProductPanel=true&MagazineEdID=0&MagEdDate=30/09/2026&isIssueRefresh=False&uemail=1169c825b8
3097a5755d8,3982542,15,511115,খেলা,1,30/09/2026,ওলিসে-জাদুতে জিদানের দৌড়,"খেলা ডেস্ক
 ম্যাচের ৮৮ মিনিট, বলটা তখনো...",https://epaper.prothomalo.com//img/logo/logo.png,https://epaper.prothomalo.com/Home/MShareArticle?OrgId=3097a5755d8&eid=1&imageview=0&epedate=30/09/2026&sedId=1,https://epaper.prothomalo.com/Home/MIndex?eid=1&edate=30/09/2026&sedId=1&pgid=511115&isProductPanel=true&MagazineEdID=0&MagEdDate=30/09/2026&isIssueRefresh=False&uemail=1169c825b8
309c9c30a6f,3982543,15,511115,খেলা,1,30/09/2026,উড়ন্ত এনজো,আর্জেন্টিনাকে আবার মাঠে দেখতে সমর্থকদের...,https://epaper.prothomalo.com//img/logo/logo.png,https://epaper.prothomalo.com/Home/MShareArticle?OrgId=309c9c30a6f&eid=1&imageview=0&epedate=30/09/2026&sedId=1,https://epaper.prothomalo.com/Home/MIndex?eid=1&edate=30/09/2026&sedId=1&pgid=511115&isProductPanel=true&MagazineEdID=0&MagEdDate=30/09/2026&isIssueRefresh=False&uemail=1169c825b8
3091b5fa75d,3982544,15,511115,খেলা,1,30/09/2026,ড্রাফট থেকে কোচ নিল ছয় দল,"ড্রাফটে এইস ব্লুস্টার সোহেল ইসলামকে, এক...",https://epaper.prothomalo.com//img/sharelogo1.jpg,https://epaper.prothomalo.com/Home/MShareArticle?OrgId=3091b5fa75d&eid=1&imageview=0&epedate=30/09/2026&sedId=1,https://epaper.prothomalo.com/Home/MIndex?eid=1&edate=30/09/2026&sedId=1&pgid=511115&isProductPanel=true&MagazineEdID=0&MagEdDate=30/09/2026&isIssueRefresh=False&uemail=1169c825b8
309133f31e4,3982545,15,511115,খেলা,1,30/09/2026,এপ্রিলে এসিসির দায়িত্ব নিতে পারেন তামিম,"খেলা ডেস্ক
 এশিয়ান ক্রিকেট কাউন্সিলের (...",https://epaper.prothomalo.com//img/sharelogo1.jpg,https://epaper.prothomalo.com/Home/MShareArticle?OrgId=309133f31e4&eid=1&imageview=0&epedate=30/09/2026&sedId=1,https://epaper.prothomalo.com/Home/MIndex?eid=1&edate=30/09/2026&sedId=1&pgid=511115&isProductPanel=true&MagazineEdID=0&MagEdDate=30/09/2026&isIssueRefresh=False&uemail=1169c825b8
30906310ce5,3982547,16,511116,শেষ পাতা,1,30/09/2026,জনস্বাস্থ্য রক্ষায় বায়ুদূষণ কমাতে হবে,"বিশেষ প্রতিনিধি, ঢাকা বায়ুদূষণে সবচেয়ে ...",https://epaper.prothomalo.com//img/logo/logo.png,https://epaper.prothomalo.com/Home/MShareArticle?OrgId=30906310ce5&eid=1&imageview=0&epedate=30/09/2026&sedId=1,https://epaper.prothomalo.com/Home/MIndex?eid=1&edate=30/09/2026&sedId=1&pgid=511116&isProductPanel=true&MagazineEdID=0&MagEdDate=30/09/2026&isIssueRefresh=False&uemail=1169c825b8
3098c6f9eca,3982548,16,511116,শেষ পাতা,1,30/09/2026,প্রকৃতি,পবন ঝাউয়ের প্রাকৃতিক আবাস  মোকারম হোসেন...,https://epaper.prothomalo.com//img/logo/logo.png,https://epaper.prothomalo.com/Home/MShareArticle?OrgId=3098c6f9eca&eid=1&imageview=0&epedate=30/09/2026&sedId=1,https://epaper.prothomalo.com/Home/MIndex?eid=1&edate=30/09/2026&sedId=1&pgid=511116&isProductPanel=true&MagazineEdID=0&MagEdDate=30/09/2026&isIssueRefresh=False&uemail=1169c825b8
309455abfed,3982549,16,511116,শেষ পাতা,1,30/09/2026,বাড়ির পাশে গাছে ঝুলছিল যুবকের হাত-পা বাঁধা মরদেহ,"নিজস্ব প্রতিবেদক, ভৈরব কিশোরগঞ্জের ভৈরব...",https://epaper.prothomalo.com//img/logo/logo.png,https://epaper.prothomalo.com/Home/MShareArticle?OrgId=309455abfed&eid=1&imageview=0&epedate=30/09/2026&sedId=1,https://epaper.prothomalo.com/Home/MIndex?eid=1&edate=30/09/2026&sedId=1&pgid=511116&isProductPanel=true&MagazineEdID=0&MagEdDate=30/09/2026&isIssueRefresh=False&uemail=1169c825b8
309b410f5ed,3982550,16,511116,শেষ পাতা,1,30/09/2026,রাজশাহী থেকে কারা পাবে ঢাকার টিকিট,"ক্রীড়া প্রতিবেদক, রাজশাহী থেকে প্রথম আল...",https://epaper.prothomalo.com//img/sharelogo1.jpg,https://epaper.prothomalo.com/Home/MShareArticle?OrgId=309b410f5ed&eid=1&imageview=0&epedate=30/09/2026&sedId=1,https://epaper.prothomalo.com/Home/MIndex?eid=1&edate=30/09/2026&sedId=1&pgid=511116&isProductPanel=true&MagazineEdID=0&MagEdDate=30/09/2026&isIssueRefresh=False&uemail=1169c825b8
3093fbffe44,3982551,16,511116,শেষ পাতা,1,30/09/2026,বান্দরবানে ফুফুর কক্ষের বাক্সে পাওয়া গেল শিশুর মরদেহ,"প্রতিনিধি, বান্দরবান বান্দরবানে ফুফুর ক...",https://epaper.prothomalo.com//img/logo/logo.png,https://epaper.prothomalo.com/Home/MShareArticle?OrgId=3093fbffe44&eid=1&imageview=0&epedate=30/09/2026&sedId=1,https://epaper.prothomalo.com/Home/MIndex?eid=1&edate=30/09/2026&sedId=1&pgid=511116&isProductPanel=true&MagazineEdID=0&MagEdDate=30/09/2026&isIssueRefresh=False&uemail=1169c825b8
