OrgId,StoryId,PageNo,PageId,PageTitle,EditionId,EditionDate,MShareArticle,MIndexBase
16226dccdfa,3922130,1,497971,Page,1,16/02/2026,https://epaper.prothomalo.com/Home/MShareArticle?OrgId=16226dccdfa&eid=1&imageview=0&epedate=16/02/2026&sedId=1,https://epaper.prothomalo.com/Home/MIndex?eid=1&edate=16/02/2026&sedId=1&pgid=497971&isProductPanel=true&MagazineEdID=0&MagEdDate=16/02/2026&isIssueRefresh=False&uemail=1169c825b8
162ed21ac07,3922132,1,497971,Page,1,16/02/2026,https://epaper.prothomalo.com/Home/MShareArticle?OrgId=162ed21ac07&eid=1&imageview=0&epedate=16/02/2026&sedId=1,https://epaper.prothomalo.com/Home/MIndex?eid=1&edate=16/02/2026&sedId=1&pgid=497971&isProductPanel=true&MagazineEdID=0&MagEdDate=16/02/2026&isIssueRefresh=False&uemail=1169c825b8
162cfb135f4,3922133,1,497971,Page,1,16/02/2026,https://epaper.prothomalo.com/Home/MShareArticle?OrgId=162cfb135f4&eid=1&imageview=0&epedate=16/02/2026&sedId=1,https://epaper.prothomalo.com/Home/MIndex?eid=1&edate=16/02/2026&sedId=1&pgid=497971&isProductPanel=true&MagazineEdID=0&MagEdDate=16/02/2026&isIssueRefresh=False&uemail=1169c825b8
162d84c411a,3922134,1,497971,Page,1,16/02/2026,https://epaper.prothomalo.com/Home/MShareArticle?OrgId=162d84c411a&eid=1&imageview=0&epedate=16/02/2026&sedId=1,https://epaper.prothomalo.com/Home/MIndex?eid=1&edate=16/02/2026&sedId=1&pgid=497971&isProductPanel=true&MagazineEdID=0&MagEdDate=16/02/2026&isIssueRefresh=False&uemail=1169c825b8
1621eb071b4,3922135,1,497971,Page,1,16/02/2026,https://epaper.prothomalo.com/Home/MShareArticle?OrgId=1621eb071b4&eid=1&imageview=0&epedate=16/02/2026&sedId=1,https://epaper.prothomalo.com/Home/MIndex?eid=1&edate=16/02/2026&sedId=1&pgid=497971&isProductPanel=true&MagazineEdID=0&MagEdDate=16/02/2026&isIssueRefresh=False&uemail=1169c825b8
16283225f87,3922136,1,497971,Page,1,16/02/2026,https://epaper.prothomalo.com/Home/MShareArticle?OrgId=16283225f87&eid=1&imageview=0&epedate=16/02/2026&sedId=1,https://epaper.prothomalo.com/Home/MIndex?eid=1&edate=16/02/2026&sedId=1&pgid=497971&isProductPanel=true&MagazineEdID=0&MagEdDate=16/02/2026&isIssueRefresh=False&uemail=1169c825b8
162dde8a26b,3922137,1,497971,Page,1,16/02/2026,https://epaper.prothomalo.com/Home/MShareArticle?OrgId=162dde8a26b&eid=1&imageview=0&epedate=16/02/2026&sedId=1,https://epaper.prothomalo.com/Home/MIndex?eid=1&edate=16/02/2026&sedId=1&pgid=497971&isProductPanel=true&MagazineEdID=0&MagEdDate=16/02/2026&isIssueRefresh=False&uemail=1169c825b8
162e3c50d89,3922138,1,497971,Page,1,16/02/2026,https://epaper.prothomalo.com/Home/MShareArticle?OrgId=162e3c50d89&eid=1&imageview=0&epedate=16/02/2026&sedId=1,https://epaper.prothomalo.com/Home/MIndex?eid=1&edate=16/02/2026&sedId=1&pgid=497971&isProductPanel=true&MagazineEdID=0&MagEdDate=16/02/2026&isIssueRefresh=False&uemail=1169c825b8
162465eef66,3922139,1,497971,Page,1,16/02/2026,https://epaper.prothomalo.com/Home/MShareArticle?OrgId=162465eef66&eid=1&imageview=0&epedate=16/02/2026&sedId=1,https://epaper.prothomalo.com/Home/MIndex?eid=1&edate=16/02/2026&sedId=1&pgid=497971&isProductPanel=true&MagazineEdID=0&MagEdDate=16/02/2026&isIssueRefresh=False&uemail=1169c825b8
162ef580706,3922131,1,497971,Page,1,16/02/2026,https://epaper.prothomalo.com/Home/MShareArticle?OrgId=162ef580706&eid=1&imageview=0&epedate=16/02/2026&sedId=1,https://epaper.prothomalo.com/Home/MIndex?eid=1&edate=16/02/2026&sedId=1&pgid=497971&isProductPanel=true&MagazineEdID=0&MagEdDate=16/02/2026&isIssueRefresh=False&uemail=1169c825b8
16212c74693,3922192,2,497979,Page,1,16/02/2026,https://epaper.prothomalo.com/Home/MShareArticle?OrgId=16212c74693&eid=1&imageview=0&epedate=16/02/2026&sedId=1,https://epaper.prothomalo.com/Home/MIndex?eid=1&edate=16/02/2026&sedId=1&pgid=497979&isProductPanel=true&MagazineEdID=0&MagEdDate=16/02/2026&isIssueRefresh=False&uemail=1169c825b8
1627cf03770,3922193,2,497979,Page,1,16/02/2026,https://epaper.prothomalo.com/Home/MShareArticle?OrgId=1627cf03770&eid=1&imageview=0&epedate=16/02/2026&sedId=1,https://epaper.prothomalo.com/Home/MIndex?eid=1&edate=16/02/2026&sedId=1&pgid=497979&isProductPanel=true&MagazineEdID=0&MagEdDate=16/02/2026&isIssueRefresh=False&uemail=1169c825b8
16229bdc8fe,3922194,2,497979,Page,1,16/02/2026,https://epaper.prothomalo.com/Home/MShareArticle?OrgId=16229bdc8fe&eid=1&imageview=0&epedate=16/02/2026&sedId=1,https://epaper.prothomalo.com/Home/MIndex?eid=1&edate=16/02/2026&sedId=1&pgid=497979&isProductPanel=true&MagazineEdID=0&MagEdDate=16/02/2026&isIssueRefresh=False&uemail=1169c825b8
162a7e22b20,3922195,2,497979,Page,1,16/02/2026,https://epaper.prothomalo.com/Home/MShareArticle?OrgId=162a7e22b20&eid=1&imageview=0&epedate=16/02/2026&sedId=1,https://epaper.prothomalo.com/Home/MIndex?eid=1&edate=16/02/2026&sedId=1&pgid=497979&isProductPanel=true&MagazineEdID=0&MagEdDate=16/02/2026&isIssueRefresh=False&uemail=1169c825b8
1622ef6f1d2,3922196,2,497979,Page,1,16/02/2026,https://epaper.prothomalo.com/Home/MShareArticle?OrgId=1622ef6f1d2&eid=1&imageview=0&epedate=16/02/2026&sedId=1,https://epaper.prothomalo.com/Home/MIndex?eid=1&edate=16/02/2026&sedId=1&pgid=497979&isProductPanel=true&MagazineEdID=0&MagEdDate=16/02/2026&isIssueRefresh=False&uemail=1169c825b8
162fcd00b24,3922197,2,497979,Page,1,16/02/2026,https://epaper.prothomalo.com/Home/MShareArticle?OrgId=162fcd00b24&eid=1&imageview=0&epedate=16/02/2026&sedId=1,https://epaper.prothomalo.com/Home/MIndex?eid=1&edate=16/02/2026&sedId=1&pgid=497979&isProductPanel=true&MagazineEdID=0&MagEdDate=16/02/2026&isIssueRefresh=False&uemail=1169c825b8
16205728cb0,3922198,2,497979,Page,1,16/02/2026,https://epaper.prothomalo.com/Home/MShareArticle?OrgId=16205728cb0&eid=1&imageview=0&epedate=16/02/2026&sedId=1,https://epaper.prothomalo.com/Home/MIndex?eid=1&edate=16/02/2026&sedId=1&pgid=497979&isProductPanel=true&MagazineEdID=0&MagEdDate=16/02/2026&isIssueRefresh=False&uemail=1169c825b8
1625832e4d9,3922199,2,497979,Page,1,16/02/2026,https://epaper.prothomalo.com/Home/MShareArticle?OrgId=1625832e4d9&eid=1&imageview=0&epedate=16/02/2026&sedId=1,https://epaper.prothomalo.com/Home/MIndex?eid=1&edate=16/02/2026&sedId=1&pgid=497979&isProductPanel=true&MagazineEdID=0&MagEdDate=16/02/2026&isIssueRefresh=False&uemail=1169c825b8
1624ec421f6,3922190,2,497979,Page,1,16/02/2026,https://epaper.prothomalo.com/Home/MShareArticle?OrgId=1624ec421f6&eid=1&imageview=0&epedate=16/02/2026&sedId=1,https://epaper.prothomalo.com/Home/MIndex?eid=1&edate=16/02/2026&sedId=1&pgid=497979&isProductPanel=true&MagazineEdID=0&MagEdDate=16/02/2026&isIssueRefresh=False&uemail=1169c825b8
162024e03c8,3922191,2,497979,Page,1,16/02/2026,https://epaper.prothomalo.com/Home/MShareArticle?OrgId=162024e03c8&eid=1&imageview=0&epedate=16/02/2026&sedId=1,https://epaper.prothomalo.com/Home/MIndex?eid=1&edate=16/02/2026&sedId=1&pgid=497979&isProductPanel=true&MagazineEdID=0&MagEdDate=16/02/2026&isIssueRefresh=False&uemail=1169c825b8
162f5b0d59c,3922202,3,497980,Page,1,16/02/2026,https://epaper.prothomalo.com/Home/MShareArticle?OrgId=162f5b0d59c&eid=1&imageview=0&epedate=16/02/2026&sedId=1,https://epaper.prothomalo.com/Home/MIndex?eid=1&edate=16/02/2026&sedId=1&pgid=497980&isProductPanel=true&MagazineEdID=0&MagEdDate=16/02/2026&isIssueRefresh=False&uemail=1169c825b8
162d9e1a796,3922203,3,497980,Page,1,16/02/2026,https://epaper.prothomalo.com/Home/MShareArticle?OrgId=162d9e1a796&eid=1&imageview=0&epedate=16/02/2026&sedId=1,https://epaper.prothomalo.com/Home/MIndex?eid=1&edate=16/02/2026&sedId=1&pgid=497980&isProductPanel=true&MagazineEdID=0&MagEdDate=16/02/2026&isIssueRefresh=False&uemail=1169c825b8
1627f429a0a,3922204,3,497980,Page,1,16/02/2026,https://epaper.prothomalo.com/Home/MShareArticle?OrgId=1627f429a0a&eid=1&imageview=0&epedate=16/02/2026&sedId=1,https://epaper.prothomalo.com/Home/MIndex?eid=1&edate=16/02/2026&sedId=1&pgid=497980&isProductPanel=true&MagazineEdID=0&MagEdDate=16/02/2026&isIssueRefresh=False&uemail=1169c825b8
1627af3592f,3922201,3,497980,Page,1,16/02/2026,https://epaper.prothomalo.com/Home/MShareArticle?OrgId=1627af3592f&eid=1&imageview=0&epedate=16/02/2026&sedId=1,https://epaper.prothomalo.com/Home/MIndex?eid=1&edate=16/02/2026&sedId=1&pgid=497980&isProductPanel=true&MagazineEdID=0&MagEdDate=16/02/2026&isIssueRefresh=False&uemail=1169c825b8
162e5de52e9,3922200,3,497980,Page,1,16/02/2026,https://epaper.prothomalo.com/Home/MShareArticle?OrgId=162e5de52e9&eid=1&imageview=0&epedate=16/02/2026&sedId=1,https://epaper.prothomalo.com/Home/MIndex?eid=1&edate=16/02/2026&sedId=1&pgid=497980&isProductPanel=true&MagazineEdID=0&MagEdDate=16/02/2026&isIssueRefresh=False&uemail=1169c825b8
162f84dfb8a,3922205,4,497981,Page,1,16/02/2026,https://epaper.prothomalo.com/Home/MShareArticle?OrgId=162f84dfb8a&eid=1&imageview=0&epedate=16/02/2026&sedId=1,https://epaper.prothomalo.com/Home/MIndex?eid=1&edate=16/02/2026&sedId=1&pgid=497981&isProductPanel=true&MagazineEdID=0&MagEdDate=16/02/2026&isIssueRefresh=False&uemail=1169c825b8
162cbb9f596,3922207,4,497981,Page,1,16/02/2026,https://epaper.prothomalo.com/Home/MShareArticle?OrgId=162cbb9f596&eid=1&imageview=0&epedate=16/02/2026&sedId=1,https://epaper.prothomalo.com/Home/MIndex?eid=1&edate=16/02/2026&sedId=1&pgid=497981&isProductPanel=true&MagazineEdID=0&MagEdDate=16/02/2026&isIssueRefresh=False&uemail=1169c825b8
162f873842b,3922208,4,497981,Page,1,16/02/2026,https://epaper.prothomalo.com/Home/MShareArticle?OrgId=162f873842b&eid=1&imageview=0&epedate=16/02/2026&sedId=1,https://epaper.prothomalo.com/Home/MIndex?eid=1&edate=16/02/2026&sedId=1&pgid=497981&isProductPanel=true&MagazineEdID=0&MagEdDate=16/02/2026&isIssueRefresh=False&uemail=1169c825b8
162f7ce7f29,3922209,4,497981,Page,1,16/02/2026,https://epaper.prothomalo.com/Home/MShareArticle?OrgId=162f7ce7f29&eid=1&imageview=0&epedate=16/02/2026&sedId=1,https://epaper.prothomalo.com/Home/MIndex?eid=1&edate=16/02/2026&sedId=1&pgid=497981&isProductPanel=true&MagazineEdID=0&MagEdDate=16/02/2026&isIssueRefresh=False&uemail=1169c825b8
162c513602e,3922210,4,497981,Page,1,16/02/2026,https://epaper.prothomalo.com/Home/MShareArticle?OrgId=162c513602e&eid=1&imageview=0&epedate=16/02/2026&sedId=1,https://epaper.prothomalo.com/Home/MIndex?eid=1&edate=16/02/2026&sedId=1&pgid=497981&isProductPanel=true&MagazineEdID=0&MagEdDate=16/02/2026&isIssueRefresh=False&uemail=1169c825b8
162dad2c127,3922211,4,497981,Page,1,16/02/2026,https://epaper.prothomalo.com/Home/MShareArticle?OrgId=162dad2c127&eid=1&imageview=0&epedate=16/02/2026&sedId=1,https://epaper.prothomalo.com/Home/MIndex?eid=1&edate=16/02/2026&sedId=1&pgid=497981&isProductPanel=true&MagazineEdID=0&MagEdDate=16/02/2026&isIssueRefresh=False&uemail=1169c825b8
1623b4f1947,3922212,4,497981,Page,1,16/02/2026,https://epaper.prothomalo.com/Home/MShareArticle?OrgId=1623b4f1947&eid=1&imageview=0&epedate=16/02/2026&sedId=1,https://epaper.prothomalo.com/Home/MIndex?eid=1&edate=16/02/2026&sedId=1&pgid=497981&isProductPanel=true&MagazineEdID=0&MagEdDate=16/02/2026&isIssueRefresh=False&uemail=1169c825b8
1624b16f101,3922213,4,497981,Page,1,16/02/2026,https://epaper.prothomalo.com/Home/MShareArticle?OrgId=1624b16f101&eid=1&imageview=0&epedate=16/02/2026&sedId=1,https://epaper.prothomalo.com/Home/MIndex?eid=1&edate=16/02/2026&sedId=1&pgid=497981&isProductPanel=true&MagazineEdID=0&MagEdDate=16/02/2026&isIssueRefresh=False&uemail=1169c825b8
162cc1c1a2d,3922206,4,497981,Page,1,16/02/2026,https://epaper.prothomalo.com/Home/MShareArticle?OrgId=162cc1c1a2d&eid=1&imageview=0&epedate=16/02/2026&sedId=1,https://epaper.prothomalo.com/Home/MIndex?eid=1&edate=16/02/2026&sedId=1&pgid=497981&isProductPanel=true&MagazineEdID=0&MagEdDate=16/02/2026&isIssueRefresh=False&uemail=1169c825b8
162417a7ed7,3922214,5,497982,Page,1,16/02/2026,https://epaper.prothomalo.com/Home/MShareArticle?OrgId=162417a7ed7&eid=1&imageview=0&epedate=16/02/2026&sedId=1,https://epaper.prothomalo.com/Home/MIndex?eid=1&edate=16/02/2026&sedId=1&pgid=497982&isProductPanel=true&MagazineEdID=0&MagEdDate=16/02/2026&isIssueRefresh=False&uemail=1169c825b8
1620da169d4,3922215,5,497982,Page,1,16/02/2026,https://epaper.prothomalo.com/Home/MShareArticle?OrgId=1620da169d4&eid=1&imageview=0&epedate=16/02/2026&sedId=1,https://epaper.prothomalo.com/Home/MIndex?eid=1&edate=16/02/2026&sedId=1&pgid=497982&isProductPanel=true&MagazineEdID=0&MagEdDate=16/02/2026&isIssueRefresh=False&uemail=1169c825b8
1620a13c0d0,3922216,5,497982,Page,1,16/02/2026,https://epaper.prothomalo.com/Home/MShareArticle?OrgId=1620a13c0d0&eid=1&imageview=0&epedate=16/02/2026&sedId=1,https://epaper.prothomalo.com/Home/MIndex?eid=1&edate=16/02/2026&sedId=1&pgid=497982&isProductPanel=true&MagazineEdID=0&MagEdDate=16/02/2026&isIssueRefresh=False&uemail=1169c825b8
162c4123d5b,3922218,6,497983,Page,1,16/02/2026,https://epaper.prothomalo.com/Home/MShareArticle?OrgId=162c4123d5b&eid=1&imageview=0&epedate=16/02/2026&sedId=1,https://epaper.prothomalo.com/Home/MIndex?eid=1&edate=16/02/2026&sedId=1&pgid=497983&isProductPanel=true&MagazineEdID=0&MagEdDate=16/02/2026&isIssueRefresh=False&uemail=1169c825b8
162c7d39d5e,3922219,6,497983,Page,1,16/02/2026,https://epaper.prothomalo.com/Home/MShareArticle?OrgId=162c7d39d5e&eid=1&imageview=0&epedate=16/02/2026&sedId=1,https://epaper.prothomalo.com/Home/MIndex?eid=1&edate=16/02/2026&sedId=1&pgid=497983&isProductPanel=true&MagazineEdID=0&MagEdDate=16/02/2026&isIssueRefresh=False&uemail=1169c825b8
162bf8aca31,3922221,6,497983,Page,1,16/02/2026,https://epaper.prothomalo.com/Home/MShareArticle?OrgId=162bf8aca31&eid=1&imageview=0&epedate=16/02/2026&sedId=1,https://epaper.prothomalo.com/Home/MIndex?eid=1&edate=16/02/2026&sedId=1&pgid=497983&isProductPanel=true&MagazineEdID=0&MagEdDate=16/02/2026&isIssueRefresh=False&uemail=1169c825b8
16283538d2d,3922222,6,497983,Page,1,16/02/2026,https://epaper.prothomalo.com/Home/MShareArticle?OrgId=16283538d2d&eid=1&imageview=0&epedate=16/02/2026&sedId=1,https://epaper.prothomalo.com/Home/MIndex?eid=1&edate=16/02/2026&sedId=1&pgid=497983&isProductPanel=true&MagazineEdID=0&MagEdDate=16/02/2026&isIssueRefresh=False&uemail=1169c825b8
162d3e8888d,3922223,6,497983,Page,1,16/02/2026,https://epaper.prothomalo.com/Home/MShareArticle?OrgId=162d3e8888d&eid=1&imageview=0&epedate=16/02/2026&sedId=1,https://epaper.prothomalo.com/Home/MIndex?eid=1&edate=16/02/2026&sedId=1&pgid=497983&isProductPanel=true&MagazineEdID=0&MagEdDate=16/02/2026&isIssueRefresh=False&uemail=1169c825b8
162fd8fe262,3922224,6,497983,Page,1,16/02/2026,https://epaper.prothomalo.com/Home/MShareArticle?OrgId=162fd8fe262&eid=1&imageview=0&epedate=16/02/2026&sedId=1,https://epaper.prothomalo.com/Home/MIndex?eid=1&edate=16/02/2026&sedId=1&pgid=497983&isProductPanel=true&MagazineEdID=0&MagEdDate=16/02/2026&isIssueRefresh=False&uemail=1169c825b8
162fb4d7aea,3922225,6,497983,Page,1,16/02/2026,https://epaper.prothomalo.com/Home/MShareArticle?OrgId=162fb4d7aea&eid=1&imageview=0&epedate=16/02/2026&sedId=1,https://epaper.prothomalo.com/Home/MIndex?eid=1&edate=16/02/2026&sedId=1&pgid=497983&isProductPanel=true&MagazineEdID=0&MagEdDate=16/02/2026&isIssueRefresh=False&uemail=1169c825b8
16291a3f04e,3922228,7,497984,Page,1,16/02/2026,https://epaper.prothomalo.com/Home/MShareArticle?OrgId=16291a3f04e&eid=1&imageview=0&epedate=16/02/2026&sedId=1,https://epaper.prothomalo.com/Home/MIndex?eid=1&edate=16/02/2026&sedId=1&pgid=497984&isProductPanel=true&MagazineEdID=0&MagEdDate=16/02/2026&isIssueRefresh=False&uemail=1169c825b8
162f816103b,3922229,7,497984,Page,1,16/02/2026,https://epaper.prothomalo.com/Home/MShareArticle?OrgId=162f816103b&eid=1&imageview=0&epedate=16/02/2026&sedId=1,https://epaper.prothomalo.com/Home/MIndex?eid=1&edate=16/02/2026&sedId=1&pgid=497984&isProductPanel=true&MagazineEdID=0&MagEdDate=16/02/2026&isIssueRefresh=False&uemail=1169c825b8
1623a01172b,3922230,7,497984,Page,1,16/02/2026,https://epaper.prothomalo.com/Home/MShareArticle?OrgId=1623a01172b&eid=1&imageview=0&epedate=16/02/2026&sedId=1,https://epaper.prothomalo.com/Home/MIndex?eid=1&edate=16/02/2026&sedId=1&pgid=497984&isProductPanel=true&MagazineEdID=0&MagEdDate=16/02/2026&isIssueRefresh=False&uemail=1169c825b8
16242cffdfd,3922232,7,497984,Page,1,16/02/2026,https://epaper.prothomalo.com/Home/MShareArticle?OrgId=16242cffdfd&eid=1&imageview=0&epedate=16/02/2026&sedId=1,https://epaper.prothomalo.com/Home/MIndex?eid=1&edate=16/02/2026&sedId=1&pgid=497984&isProductPanel=true&MagazineEdID=0&MagEdDate=16/02/2026&isIssueRefresh=False&uemail=1169c825b8
1628e44c8e0,3922233,7,497984,Page,1,16/02/2026,https://epaper.prothomalo.com/Home/MShareArticle?OrgId=1628e44c8e0&eid=1&imageview=0&epedate=16/02/2026&sedId=1,https://epaper.prothomalo.com/Home/MIndex?eid=1&edate=16/02/2026&sedId=1&pgid=497984&isProductPanel=true&MagazineEdID=0&MagEdDate=16/02/2026&isIssueRefresh=False&uemail=1169c825b8
1622672aa48,3922234,7,497984,Page,1,16/02/2026,https://epaper.prothomalo.com/Home/MShareArticle?OrgId=1622672aa48&eid=1&imageview=0&epedate=16/02/2026&sedId=1,https://epaper.prothomalo.com/Home/MIndex?eid=1&edate=16/02/2026&sedId=1&pgid=497984&isProductPanel=true&MagazineEdID=0&MagEdDate=16/02/2026&isIssueRefresh=False&uemail=1169c825b8
162d654b121,3922227,7,497984,Page,1,16/02/2026,https://epaper.prothomalo.com/Home/MShareArticle?OrgId=162d654b121&eid=1&imageview=0&epedate=16/02/2026&sedId=1,https://epaper.prothomalo.com/Home/MIndex?eid=1&edate=16/02/2026&sedId=1&pgid=497984&isProductPanel=true&MagazineEdID=0&MagEdDate=16/02/2026&isIssueRefresh=False&uemail=1169c825b8
162ca78ed6b,3922235,8,497985,Page,1,16/02/2026,https://epaper.prothomalo.com/Home/MShareArticle?OrgId=162ca78ed6b&eid=1&imageview=0&epedate=16/02/2026&sedId=1,https://epaper.prothomalo.com/Home/MIndex?eid=1&edate=16/02/2026&sedId=1&pgid=497985&isProductPanel=true&MagazineEdID=0&MagEdDate=16/02/2026&isIssueRefresh=False&uemail=1169c825b8
162459c233e,3922236,8,497985,Page,1,16/02/2026,https://epaper.prothomalo.com/Home/MShareArticle?OrgId=162459c233e&eid=1&imageview=0&epedate=16/02/2026&sedId=1,https://epaper.prothomalo.com/Home/MIndex?eid=1&edate=16/02/2026&sedId=1&pgid=497985&isProductPanel=true&MagazineEdID=0&MagEdDate=16/02/2026&isIssueRefresh=False&uemail=1169c825b8
162fcf2455f,3922237,8,497985,Page,1,16/02/2026,https://epaper.prothomalo.com/Home/MShareArticle?OrgId=162fcf2455f&eid=1&imageview=0&epedate=16/02/2026&sedId=1,https://epaper.prothomalo.com/Home/MIndex?eid=1&edate=16/02/2026&sedId=1&pgid=497985&isProductPanel=true&MagazineEdID=0&MagEdDate=16/02/2026&isIssueRefresh=False&uemail=1169c825b8
162bd56b9b1,3922238,8,497985,Page,1,16/02/2026,https://epaper.prothomalo.com/Home/MShareArticle?OrgId=162bd56b9b1&eid=1&imageview=0&epedate=16/02/2026&sedId=1,https://epaper.prothomalo.com/Home/MIndex?eid=1&edate=16/02/2026&sedId=1&pgid=497985&isProductPanel=true&MagazineEdID=0&MagEdDate=16/02/2026&isIssueRefresh=False&uemail=1169c825b8
162fa272ab1,3922239,8,497985,Page,1,16/02/2026,https://epaper.prothomalo.com/Home/MShareArticle?OrgId=162fa272ab1&eid=1&imageview=0&epedate=16/02/2026&sedId=1,https://epaper.prothomalo.com/Home/MIndex?eid=1&edate=16/02/2026&sedId=1&pgid=497985&isProductPanel=true&MagazineEdID=0&MagEdDate=16/02/2026&isIssueRefresh=False&uemail=1169c825b8
162455962df,3922240,8,497985,Page,1,16/02/2026,https://epaper.prothomalo.com/Home/MShareArticle?OrgId=162455962df&eid=1&imageview=0&epedate=16/02/2026&sedId=1,https://epaper.prothomalo.com/Home/MIndex?eid=1&edate=16/02/2026&sedId=1&pgid=497985&isProductPanel=true&MagazineEdID=0&MagEdDate=16/02/2026&isIssueRefresh=False&uemail=1169c825b8
162a70094ad,3922141,11,497973,Page,1,16/02/2026,https://epaper.prothomalo.com/Home/MShareArticle?OrgId=162a70094ad&eid=1&imageview=0&epedate=16/02/2026&sedId=1,https://epaper.prothomalo.com/Home/MIndex?eid=1&edate=16/02/2026&sedId=1&pgid=497973&isProductPanel=true&MagazineEdID=0&MagEdDate=16/02/2026&isIssueRefresh=False&uemail=1169c825b8
162d3b63429,3922142,11,497973,Page,1,16/02/2026,https://epaper.prothomalo.com/Home/MShareArticle?OrgId=162d3b63429&eid=1&imageview=0&epedate=16/02/2026&sedId=1,https://epaper.prothomalo.com/Home/MIndex?eid=1&edate=16/02/2026&sedId=1&pgid=497973&isProductPanel=true&MagazineEdID=0&MagEdDate=16/02/2026&isIssueRefresh=False&uemail=1169c825b8
162212d73d5,3922144,11,497973,Page,1,16/02/2026,https://epaper.prothomalo.com/Home/MShareArticle?OrgId=162212d73d5&eid=1&imageview=0&epedate=16/02/2026&sedId=1,https://epaper.prothomalo.com/Home/MIndex?eid=1&edate=16/02/2026&sedId=1&pgid=497973&isProductPanel=true&MagazineEdID=0&MagEdDate=16/02/2026&isIssueRefresh=False&uemail=1169c825b8
16267d84ac2,3922145,11,497973,Page,1,16/02/2026,https://epaper.prothomalo.com/Home/MShareArticle?OrgId=16267d84ac2&eid=1&imageview=0&epedate=16/02/2026&sedId=1,https://epaper.prothomalo.com/Home/MIndex?eid=1&edate=16/02/2026&sedId=1&pgid=497973&isProductPanel=true&MagazineEdID=0&MagEdDate=16/02/2026&isIssueRefresh=False&uemail=1169c825b8
16246d15fda,3922146,11,497973,Page,1,16/02/2026,https://epaper.prothomalo.com/Home/MShareArticle?OrgId=16246d15fda&eid=1&imageview=0&epedate=16/02/2026&sedId=1,https://epaper.prothomalo.com/Home/MIndex?eid=1&edate=16/02/2026&sedId=1&pgid=497973&isProductPanel=true&MagazineEdID=0&MagEdDate=16/02/2026&isIssueRefresh=False&uemail=1169c825b8
162e8f22051,3922147,12,497974,Page,1,16/02/2026,https://epaper.prothomalo.com/Home/MShareArticle?OrgId=162e8f22051&eid=1&imageview=0&epedate=16/02/2026&sedId=1,https://epaper.prothomalo.com/Home/MIndex?eid=1&edate=16/02/2026&sedId=1&pgid=497974&isProductPanel=true&MagazineEdID=0&MagEdDate=16/02/2026&isIssueRefresh=False&uemail=1169c825b8
162aff28f40,3922148,12,497974,Page,1,16/02/2026,https://epaper.prothomalo.com/Home/MShareArticle?OrgId=162aff28f40&eid=1&imageview=0&epedate=16/02/2026&sedId=1,https://epaper.prothomalo.com/Home/MIndex?eid=1&edate=16/02/2026&sedId=1&pgid=497974&isProductPanel=true&MagazineEdID=0&MagEdDate=16/02/2026&isIssueRefresh=False&uemail=1169c825b8
162f51996ee,3922149,12,497974,Page,1,16/02/2026,https://epaper.prothomalo.com/Home/MShareArticle?OrgId=162f51996ee&eid=1&imageview=0&epedate=16/02/2026&sedId=1,https://epaper.prothomalo.com/Home/MIndex?eid=1&edate=16/02/2026&sedId=1&pgid=497974&isProductPanel=true&MagazineEdID=0&MagEdDate=16/02/2026&isIssueRefresh=False&uemail=1169c825b8
16274519af8,3922150,12,497974,Page,1,16/02/2026,https://epaper.prothomalo.com/Home/MShareArticle?OrgId=16274519af8&eid=1&imageview=0&epedate=16/02/2026&sedId=1,https://epaper.prothomalo.com/Home/MIndex?eid=1&edate=16/02/2026&sedId=1&pgid=497974&isProductPanel=true&MagazineEdID=0&MagEdDate=16/02/2026&isIssueRefresh=False&uemail=1169c825b8
1629a6639dc,3922151,12,497974,Page,1,16/02/2026,https://epaper.prothomalo.com/Home/MShareArticle?OrgId=1629a6639dc&eid=1&imageview=0&epedate=16/02/2026&sedId=1,https://epaper.prothomalo.com/Home/MIndex?eid=1&edate=16/02/2026&sedId=1&pgid=497974&isProductPanel=true&MagazineEdID=0&MagEdDate=16/02/2026&isIssueRefresh=False&uemail=1169c825b8
162da827d70,3922152,12,497974,Page,1,16/02/2026,https://epaper.prothomalo.com/Home/MShareArticle?OrgId=162da827d70&eid=1&imageview=0&epedate=16/02/2026&sedId=1,https://epaper.prothomalo.com/Home/MIndex?eid=1&edate=16/02/2026&sedId=1&pgid=497974&isProductPanel=true&MagazineEdID=0&MagEdDate=16/02/2026&isIssueRefresh=False&uemail=1169c825b8
162d425870b,3922153,13,497975,Page,1,16/02/2026,https://epaper.prothomalo.com/Home/MShareArticle?OrgId=162d425870b&eid=1&imageview=0&epedate=16/02/2026&sedId=1,https://epaper.prothomalo.com/Home/MIndex?eid=1&edate=16/02/2026&sedId=1&pgid=497975&isProductPanel=true&MagazineEdID=0&MagEdDate=16/02/2026&isIssueRefresh=False&uemail=1169c825b8
162a4d0574c,3922154,13,497975,Page,1,16/02/2026,https://epaper.prothomalo.com/Home/MShareArticle?OrgId=162a4d0574c&eid=1&imageview=0&epedate=16/02/2026&sedId=1,https://epaper.prothomalo.com/Home/MIndex?eid=1&edate=16/02/2026&sedId=1&pgid=497975&isProductPanel=true&MagazineEdID=0&MagEdDate=16/02/2026&isIssueRefresh=False&uemail=1169c825b8
1626b73ca33,3922155,13,497975,Page,1,16/02/2026,https://epaper.prothomalo.com/Home/MShareArticle?OrgId=1626b73ca33&eid=1&imageview=0&epedate=16/02/2026&sedId=1,https://epaper.prothomalo.com/Home/MIndex?eid=1&edate=16/02/2026&sedId=1&pgid=497975&isProductPanel=true&MagazineEdID=0&MagEdDate=16/02/2026&isIssueRefresh=False&uemail=1169c825b8
16260b309bc,3922156,13,497975,Page,1,16/02/2026,https://epaper.prothomalo.com/Home/MShareArticle?OrgId=16260b309bc&eid=1&imageview=0&epedate=16/02/2026&sedId=1,https://epaper.prothomalo.com/Home/MIndex?eid=1&edate=16/02/2026&sedId=1&pgid=497975&isProductPanel=true&MagazineEdID=0&MagEdDate=16/02/2026&isIssueRefresh=False&uemail=1169c825b8
1626bb14cb8,3922157,13,497975,Page,1,16/02/2026,https://epaper.prothomalo.com/Home/MShareArticle?OrgId=1626bb14cb8&eid=1&imageview=0&epedate=16/02/2026&sedId=1,https://epaper.prothomalo.com/Home/MIndex?eid=1&edate=16/02/2026&sedId=1&pgid=497975&isProductPanel=true&MagazineEdID=0&MagEdDate=16/02/2026&isIssueRefresh=False&uemail=1169c825b8
162e5e05c81,3922158,13,497975,Page,1,16/02/2026,https://epaper.prothomalo.com/Home/MShareArticle?OrgId=162e5e05c81&eid=1&imageview=0&epedate=16/02/2026&sedId=1,https://epaper.prothomalo.com/Home/MIndex?eid=1&edate=16/02/2026&sedId=1&pgid=497975&isProductPanel=true&MagazineEdID=0&MagEdDate=16/02/2026&isIssueRefresh=False&uemail=1169c825b8
162a47b994d,3922160,13,497975,Page,1,16/02/2026,https://epaper.prothomalo.com/Home/MShareArticle?OrgId=162a47b994d&eid=1&imageview=0&epedate=16/02/2026&sedId=1,https://epaper.prothomalo.com/Home/MIndex?eid=1&edate=16/02/2026&sedId=1&pgid=497975&isProductPanel=true&MagazineEdID=0&MagEdDate=16/02/2026&isIssueRefresh=False&uemail=1169c825b8
162b9fe838a,3922161,13,497975,Page,1,16/02/2026,https://epaper.prothomalo.com/Home/MShareArticle?OrgId=162b9fe838a&eid=1&imageview=0&epedate=16/02/2026&sedId=1,https://epaper.prothomalo.com/Home/MIndex?eid=1&edate=16/02/2026&sedId=1&pgid=497975&isProductPanel=true&MagazineEdID=0&MagEdDate=16/02/2026&isIssueRefresh=False&uemail=1169c825b8
162e606588e,3922167,14,497976,Page,1,16/02/2026,https://epaper.prothomalo.com/Home/MShareArticle?OrgId=162e606588e&eid=1&imageview=0&epedate=16/02/2026&sedId=1,https://epaper.prothomalo.com/Home/MIndex?eid=1&edate=16/02/2026&sedId=1&pgid=497976&isProductPanel=true&MagazineEdID=0&MagEdDate=16/02/2026&isIssueRefresh=False&uemail=1169c825b8
16259c301b7,3922168,14,497976,Page,1,16/02/2026,https://epaper.prothomalo.com/Home/MShareArticle?OrgId=16259c301b7&eid=1&imageview=0&epedate=16/02/2026&sedId=1,https://epaper.prothomalo.com/Home/MIndex?eid=1&edate=16/02/2026&sedId=1&pgid=497976&isProductPanel=true&MagazineEdID=0&MagEdDate=16/02/2026&isIssueRefresh=False&uemail=1169c825b8
1628da604a3,3922169,14,497976,Page,1,16/02/2026,https://epaper.prothomalo.com/Home/MShareArticle?OrgId=1628da604a3&eid=1&imageview=0&epedate=16/02/2026&sedId=1,https://epaper.prothomalo.com/Home/MIndex?eid=1&edate=16/02/2026&sedId=1&pgid=497976&isProductPanel=true&MagazineEdID=0&MagEdDate=16/02/2026&isIssueRefresh=False&uemail=1169c825b8
162c4be98dc,3922170,14,497976,Page,1,16/02/2026,https://epaper.prothomalo.com/Home/MShareArticle?OrgId=162c4be98dc&eid=1&imageview=0&epedate=16/02/2026&sedId=1,https://epaper.prothomalo.com/Home/MIndex?eid=1&edate=16/02/2026&sedId=1&pgid=497976&isProductPanel=true&MagazineEdID=0&MagEdDate=16/02/2026&isIssueRefresh=False&uemail=1169c825b8
1622276ea4e,3922171,14,497976,Page,1,16/02/2026,https://epaper.prothomalo.com/Home/MShareArticle?OrgId=1622276ea4e&eid=1&imageview=0&epedate=16/02/2026&sedId=1,https://epaper.prothomalo.com/Home/MIndex?eid=1&edate=16/02/2026&sedId=1&pgid=497976&isProductPanel=true&MagazineEdID=0&MagEdDate=16/02/2026&isIssueRefresh=False&uemail=1169c825b8
162f544224f,3922172,14,497976,Page,1,16/02/2026,https://epaper.prothomalo.com/Home/MShareArticle?OrgId=162f544224f&eid=1&imageview=0&epedate=16/02/2026&sedId=1,https://epaper.prothomalo.com/Home/MIndex?eid=1&edate=16/02/2026&sedId=1&pgid=497976&isProductPanel=true&MagazineEdID=0&MagEdDate=16/02/2026&isIssueRefresh=False&uemail=1169c825b8
16241d3d1b2,3922173,14,497976,Page,1,16/02/2026,https://epaper.prothomalo.com/Home/MShareArticle?OrgId=16241d3d1b2&eid=1&imageview=0&epedate=16/02/2026&sedId=1,https://epaper.prothomalo.com/Home/MIndex?eid=1&edate=16/02/2026&sedId=1&pgid=497976&isProductPanel=true&MagazineEdID=0&MagEdDate=16/02/2026&isIssueRefresh=False&uemail=1169c825b8
162a1daabc0,3922163,14,497976,Page,1,16/02/2026,https://epaper.prothomalo.com/Home/MShareArticle?OrgId=162a1daabc0&eid=1&imageview=0&epedate=16/02/2026&sedId=1,https://epaper.prothomalo.com/Home/MIndex?eid=1&edate=16/02/2026&sedId=1&pgid=497976&isProductPanel=true&MagazineEdID=0&MagEdDate=16/02/2026&isIssueRefresh=False&uemail=1169c825b8
162570774fa,3922164,14,497976,Page,1,16/02/2026,https://epaper.prothomalo.com/Home/MShareArticle?OrgId=162570774fa&eid=1&imageview=0&epedate=16/02/2026&sedId=1,https://epaper.prothomalo.com/Home/MIndex?eid=1&edate=16/02/2026&sedId=1&pgid=497976&isProductPanel=true&MagazineEdID=0&MagEdDate=16/02/2026&isIssueRefresh=False&uemail=1169c825b8
16288d94771,3922165,14,497976,Page,1,16/02/2026,https://epaper.prothomalo.com/Home/MShareArticle?OrgId=16288d94771&eid=1&imageview=0&epedate=16/02/2026&sedId=1,https://epaper.prothomalo.com/Home/MIndex?eid=1&edate=16/02/2026&sedId=1&pgid=497976&isProductPanel=true&MagazineEdID=0&MagEdDate=16/02/2026&isIssueRefresh=False&uemail=1169c825b8
1629a91fa06,3922162,14,497976,Page,1,16/02/2026,https://epaper.prothomalo.com/Home/MShareArticle?OrgId=1629a91fa06&eid=1&imageview=0&epedate=16/02/2026&sedId=1,https://epaper.prothomalo.com/Home/MIndex?eid=1&edate=16/02/2026&sedId=1&pgid=497976&isProductPanel=true&MagazineEdID=0&MagEdDate=16/02/2026&isIssueRefresh=False&uemail=1169c825b8
162cad938bb,3922166,14,497976,Page,1,16/02/2026,https://epaper.prothomalo.com/Home/MShareArticle?OrgId=162cad938bb&eid=1&imageview=0&epedate=16/02/2026&sedId=1,https://epaper.prothomalo.com/Home/MIndex?eid=1&edate=16/02/2026&sedId=1&pgid=497976&isProductPanel=true&MagazineEdID=0&MagEdDate=16/02/2026&isIssueRefresh=False&uemail=1169c825b8
162523b925d,3922174,15,497977,Page,1,16/02/2026,https://epaper.prothomalo.com/Home/MShareArticle?OrgId=162523b925d&eid=1&imageview=0&epedate=16/02/2026&sedId=1,https://epaper.prothomalo.com/Home/MIndex?eid=1&edate=16/02/2026&sedId=1&pgid=497977&isProductPanel=true&MagazineEdID=0&MagEdDate=16/02/2026&isIssueRefresh=False&uemail=1169c825b8
162f48f86c2,3922177,15,497977,Page,1,16/02/2026,https://epaper.prothomalo.com/Home/MShareArticle?OrgId=162f48f86c2&eid=1&imageview=0&epedate=16/02/2026&sedId=1,https://epaper.prothomalo.com/Home/MIndex?eid=1&edate=16/02/2026&sedId=1&pgid=497977&isProductPanel=true&MagazineEdID=0&MagEdDate=16/02/2026&isIssueRefresh=False&uemail=1169c825b8
162df8f6d43,3922178,15,497977,Page,1,16/02/2026,https://epaper.prothomalo.com/Home/MShareArticle?OrgId=162df8f6d43&eid=1&imageview=0&epedate=16/02/2026&sedId=1,https://epaper.prothomalo.com/Home/MIndex?eid=1&edate=16/02/2026&sedId=1&pgid=497977&isProductPanel=true&MagazineEdID=0&MagEdDate=16/02/2026&isIssueRefresh=False&uemail=1169c825b8
162fdc9ce20,3922179,15,497977,Page,1,16/02/2026,https://epaper.prothomalo.com/Home/MShareArticle?OrgId=162fdc9ce20&eid=1&imageview=0&epedate=16/02/2026&sedId=1,https://epaper.prothomalo.com/Home/MIndex?eid=1&edate=16/02/2026&sedId=1&pgid=497977&isProductPanel=true&MagazineEdID=0&MagEdDate=16/02/2026&isIssueRefresh=False&uemail=1169c825b8
16230fa95f8,3922180,15,497977,Page,1,16/02/2026,https://epaper.prothomalo.com/Home/MShareArticle?OrgId=16230fa95f8&eid=1&imageview=0&epedate=16/02/2026&sedId=1,https://epaper.prothomalo.com/Home/MIndex?eid=1&edate=16/02/2026&sedId=1&pgid=497977&isProductPanel=true&MagazineEdID=0&MagEdDate=16/02/2026&isIssueRefresh=False&uemail=1169c825b8
16233a1b01c,3922176,15,497977,Page,1,16/02/2026,https://epaper.prothomalo.com/Home/MShareArticle?OrgId=16233a1b01c&eid=1&imageview=0&epedate=16/02/2026&sedId=1,https://epaper.prothomalo.com/Home/MIndex?eid=1&edate=16/02/2026&sedId=1&pgid=497977&isProductPanel=true&MagazineEdID=0&MagEdDate=16/02/2026&isIssueRefresh=False&uemail=1169c825b8
1627c622561,3922184,16,497978,Page,1,16/02/2026,https://epaper.prothomalo.com/Home/MShareArticle?OrgId=1627c622561&eid=1&imageview=0&epedate=16/02/2026&sedId=1,https://epaper.prothomalo.com/Home/MIndex?eid=1&edate=16/02/2026&sedId=1&pgid=497978&isProductPanel=true&MagazineEdID=0&MagEdDate=16/02/2026&isIssueRefresh=False&uemail=1169c825b8
1620b4e006f,3922185,16,497978,Page,1,16/02/2026,https://epaper.prothomalo.com/Home/MShareArticle?OrgId=1620b4e006f&eid=1&imageview=0&epedate=16/02/2026&sedId=1,https://epaper.prothomalo.com/Home/MIndex?eid=1&edate=16/02/2026&sedId=1&pgid=497978&isProductPanel=true&MagazineEdID=0&MagEdDate=16/02/2026&isIssueRefresh=False&uemail=1169c825b8
162ddc39851,3922186,16,497978,Page,1,16/02/2026,https://epaper.prothomalo.com/Home/MShareArticle?OrgId=162ddc39851&eid=1&imageview=0&epedate=16/02/2026&sedId=1,https://epaper.prothomalo.com/Home/MIndex?eid=1&edate=16/02/2026&sedId=1&pgid=497978&isProductPanel=true&MagazineEdID=0&MagEdDate=16/02/2026&isIssueRefresh=False&uemail=1169c825b8
162646a7387,3922187,16,497978,Page,1,16/02/2026,https://epaper.prothomalo.com/Home/MShareArticle?OrgId=162646a7387&eid=1&imageview=0&epedate=16/02/2026&sedId=1,https://epaper.prothomalo.com/Home/MIndex?eid=1&edate=16/02/2026&sedId=1&pgid=497978&isProductPanel=true&MagazineEdID=0&MagEdDate=16/02/2026&isIssueRefresh=False&uemail=1169c825b8
1620326ad55,3922188,16,497978,Page,1,16/02/2026,https://epaper.prothomalo.com/Home/MShareArticle?OrgId=1620326ad55&eid=1&imageview=0&epedate=16/02/2026&sedId=1,https://epaper.prothomalo.com/Home/MIndex?eid=1&edate=16/02/2026&sedId=1&pgid=497978&isProductPanel=true&MagazineEdID=0&MagEdDate=16/02/2026&isIssueRefresh=False&uemail=1169c825b8
